[{"model": "admin.logentry", "pk": 1, "fields": {"action_time": "2020-10-09T15:45:11.169Z", "user": 1, "content_type": 13, "object_id": "9", "object_repr": "lola_donoghue", "action_flag": 2, "change_message": "[{\"changed\": {\"fields\": [\"Name\", \"Friendly name\"]}}]"}}, {"model": "admin.logentry", "pk": 2, "fields": {"action_time": "2020-10-09T15:46:03.678Z", "user": 1, "content_type": 13, "object_id": "8", "object_repr": "kathrina_rupit", "action_flag": 2, "change_message": "[{\"changed\": {\"fields\": [\"Name\", \"Friendly name\"]}}]"}}, {"model": "admin.logentry", "pk": 3, "fields": {"action_time": "2020-10-09T15:46:43.163Z", "user": 1, "content_type": 13, "object_id": "7", "object_repr": "jane_rainey", "action_flag": 2, "change_message": "[{\"changed\": {\"fields\": [\"Name\", \"Friendly name\"]}}]"}}, {"model": "admin.logentry", "pk": 4, "fields": {"action_time": "2020-10-09T15:47:17.076Z", "user": 1, "content_type": 13, "object_id": "6", "object_repr": "emma_sheridan", "action_flag": 2, "change_message": "[{\"changed\": {\"fields\": [\"Name\", \"Friendly name\"]}}]"}}, {"model": "admin.logentry", "pk": 5, "fields": {"action_time": "2020-10-09T15:48:00.292Z", "user": 1, "content_type": 13, "object_id": "5", "object_repr": "eileen_o'sullivan", "action_flag": 2, "change_message": "[{\"changed\": {\"fields\": [\"Name\", \"Friendly name\"]}}]"}}, {"model": "admin.logentry", "pk": 6, "fields": {"action_time": "2020-10-09T15:54:31.715Z", "user": 1, "content_type": 13, "object_id": "4", "object_repr": "chole_early", "action_flag": 2, "change_message": "[{\"changed\": {\"fields\": [\"Name\", \"Friendly name\"]}}]"}}, {"model": "admin.logentry", "pk": 7, "fields": {"action_time": "2020-10-09T15:55:32.258Z", "user": 1, "content_type": 13, "object_id": "3", "object_repr": "chanelle_walshe", "action_flag": 2, "change_message": "[{\"changed\": {\"fields\": [\"Name\", \"Friendly name\"]}}]"}}, {"model": "admin.logentry", "pk": 8, "fields": {"action_time": "2020-10-09T15:57:49.392Z", "user": 1, "content_type": 13, "object_id": "2", "object_repr": "mercedes_helnwein", "action_flag": 2, "change_message": "[{\"changed\": {\"fields\": [\"Name\", \"Friendly name\"]}}]"}}, {"model": "admin.logentry", "pk": 9, "fields": {"action_time": "2020-10-09T15:58:33.509Z", "user": 1, "content_type": 13, "object_id": "1", "object_repr": "mollie_douthit", "action_flag": 2, "change_message": "[{\"changed\": {\"fields\": [\"Name\", \"Friendly name\"]}}]"}}, {"model": "admin.logentry", "pk": 10, "fields": {"action_time": "2020-10-09T16:07:03.249Z", "user": 1, "content_type": 14, "object_id": "1", "object_repr": "The Centre Can Hold", "action_flag": 2, "change_message": "[{\"changed\": {\"fields\": [\"Name\", \"Description\", \"Price\", \"Rating\", \"Image url\"]}}]"}}, {"model": "admin.logentry", "pk": 11, "fields": {"action_time": "2020-10-09T16:10:33.563Z", "user": 1, "content_type": 14, "object_id": "16", "object_repr": "Dahlia", "action_flag": 2, "change_message": "[{\"changed\": {\"fields\": [\"Name\", \"Description\", \"Price\", \"Rating\", \"Image url\"]}}]"}}, {"model": "admin.logentry", "pk": 12, "fields": {"action_time": "2020-10-09T16:13:38.257Z", "user": 1, "content_type": 14, "object_id": "35", "object_repr": "Breath", "action_flag": 2, "change_message": "[{\"changed\": {\"fields\": [\"Name\", \"Description\", \"Price\", \"Rating\", \"Image url\"]}}]"}}, {"model": "admin.logentry", "pk": 13, "fields": {"action_time": "2020-10-09T16:15:11.611Z", "user": 1, "content_type": 14, "object_id": "56", "object_repr": "Ebb", "action_flag": 2, "change_message": "[{\"changed\": {\"fields\": [\"Name\", \"Description\", \"Price\", \"Rating\", \"Image url\"]}}]"}}, {"model": "admin.logentry", "pk": 14, "fields": {"action_time": "2020-10-09T16:16:58.345Z", "user": 1, "content_type": 14, "object_id": "68", "object_repr": "Flow", "action_flag": 2, "change_message": "[{\"changed\": {\"fields\": [\"Name\", \"Description\", \"Price\", \"Rating\", \"Image url\"]}}]"}}, {"model": "admin.logentry", "pk": 15, "fields": {"action_time": "2020-10-09T16:19:40.109Z", "user": 1, "content_type": 14, "object_id": "72", "object_repr": "Marigold", "action_flag": 2, "change_message": "[{\"changed\": {\"fields\": [\"Name\", \"Description\", \"Price\", \"Rating\", \"Image url\"]}}]"}}, {"model": "admin.logentry", "pk": 16, "fields": {"action_time": "2020-10-09T16:21:43.966Z", "user": 1, "content_type": 14, "object_id": "73", "object_repr": "MasKlub 1", "action_flag": 2, "change_message": "[{\"changed\": {\"fields\": [\"Name\", \"Description\", \"Price\", \"Rating\", \"Image url\"]}}]"}}, {"model": "admin.logentry", "pk": 17, "fields": {"action_time": "2020-10-09T16:23:16.308Z", "user": 1, "content_type": 14, "object_id": "74", "object_repr": "Sage", "action_flag": 2, "change_message": "[{\"changed\": {\"fields\": [\"Name\", \"Description\", \"Price\", \"Rating\", \"Image url\"]}}]"}}, {"model": "admin.logentry", "pk": 18, "fields": {"action_time": "2020-10-09T16:26:16.481Z", "user": 1, "content_type": 14, "object_id": "75", "object_repr": "Wind Current", "action_flag": 2, "change_message": "[{\"changed\": {\"fields\": [\"Name\", \"Description\", \"Image url\"]}}]"}}, {"model": "admin.logentry", "pk": 19, "fields": {"action_time": "2020-10-09T16:32:32.703Z", "user": 1, "content_type": 14, "object_id": "1", "object_repr": "The Centre Can Hold", "action_flag": 2, "change_message": "[{\"changed\": {\"fields\": [\"Image\"]}}]"}}, {"model": "admin.logentry", "pk": 20, "fields": {"action_time": "2020-10-09T16:35:04.242Z", "user": 1, "content_type": 14, "object_id": "16", "object_repr": "Dahlia", "action_flag": 2, "change_message": "[{\"changed\": {\"fields\": [\"Image\"]}}]"}}, {"model": "admin.logentry", "pk": 21, "fields": {"action_time": "2020-10-09T16:40:45.610Z", "user": 1, "content_type": 14, "object_id": "1", "object_repr": "The Centre Can Hold", "action_flag": 2, "change_message": "[{\"changed\": {\"fields\": [\"Image\"]}}]"}}, {"model": "admin.logentry", "pk": 22, "fields": {"action_time": "2020-10-09T16:42:22.905Z", "user": 1, "content_type": 14, "object_id": "1", "object_repr": "The Centre Can Hold", "action_flag": 2, "change_message": "[{\"changed\": {\"fields\": [\"Image\"]}}]"}}, {"model": "admin.logentry", "pk": 23, "fields": {"action_time": "2020-10-09T16:43:09.506Z", "user": 1, "content_type": 14, "object_id": "1", "object_repr": "The Centre Can Hold", "action_flag": 2, "change_message": "[{\"changed\": {\"fields\": [\"Image\"]}}]"}}, {"model": "admin.logentry", "pk": 24, "fields": {"action_time": "2020-10-09T16:43:27.160Z", "user": 1, "content_type": 14, "object_id": "1", "object_repr": "The Centre Can Hold", "action_flag": 2, "change_message": "[{\"changed\": {\"fields\": [\"Image\"]}}]"}}, {"model": "admin.logentry", "pk": 25, "fields": {"action_time": "2020-10-09T16:44:17.313Z", "user": 1, "content_type": 14, "object_id": "16", "object_repr": "Dahlia", "action_flag": 2, "change_message": "[{\"changed\": {\"fields\": [\"Image\"]}}]"}}, {"model": "admin.logentry", "pk": 26, "fields": {"action_time": "2020-10-09T16:45:32.992Z", "user": 1, "content_type": 14, "object_id": "35", "object_repr": "Breath", "action_flag": 2, "change_message": "[{\"changed\": {\"fields\": [\"Image\"]}}]"}}, {"model": "admin.logentry", "pk": 27, "fields": {"action_time": "2020-10-09T16:46:52.208Z", "user": 1, "content_type": 14, "object_id": "68", "object_repr": "Flow", "action_flag": 2, "change_message": "[{\"changed\": {\"fields\": [\"Image\"]}}]"}}, {"model": "admin.logentry", "pk": 28, "fields": {"action_time": "2020-10-09T16:47:40.957Z", "user": 1, "content_type": 14, "object_id": "72", "object_repr": "Marigold", "action_flag": 2, "change_message": "[{\"changed\": {\"fields\": [\"Image\"]}}]"}}, {"model": "admin.logentry", "pk": 29, "fields": {"action_time": "2020-10-09T16:48:40.883Z", "user": 1, "content_type": 14, "object_id": "73", "object_repr": "MasKlub 1", "action_flag": 2, "change_message": "[{\"changed\": {\"fields\": [\"Image\"]}}]"}}, {"model": "admin.logentry", "pk": 30, "fields": {"action_time": "2020-10-09T16:48:59.249Z", "user": 1, "content_type": 14, "object_id": "74", "object_repr": "Sage", "action_flag": 2, "change_message": "[{\"changed\": {\"fields\": [\"Image\"]}}]"}}, {"model": "admin.logentry", "pk": 31, "fields": {"action_time": "2020-10-09T16:49:24.555Z", "user": 1, "content_type": 14, "object_id": "75", "object_repr": "Wind Current", "action_flag": 2, "change_message": "[{\"changed\": {\"fields\": [\"Image\"]}}]"}}, {"model": "admin.logentry", "pk": 32, "fields": {"action_time": "2020-10-09T16:54:23.256Z", "user": 1, "content_type": 14, "object_id": "56", "object_repr": "Ebb", "action_flag": 2, "change_message": "[{\"changed\": {\"fields\": [\"Image\"]}}]"}}, {"model": "admin.logentry", "pk": 33, "fields": {"action_time": "2020-10-09T17:24:39.001Z", "user": 1, "content_type": 14, "object_id": "6", "object_repr": "ephemeral #3", "action_flag": 2, "change_message": "[{\"changed\": {\"fields\": [\"Name\", \"Description\", \"Price\", \"Rating\", \"Image url\", \"Image\"]}}]"}}, {"model": "admin.logentry", "pk": 34, "fields": {"action_time": "2020-10-09T17:26:29.092Z", "user": 1, "content_type": 14, "object_id": "11", "object_repr": "ephemeral #13", "action_flag": 2, "change_message": "[{\"changed\": {\"fields\": [\"Name\", \"Description\", \"Price\", \"Rating\", \"Image url\", \"Image\"]}}]"}}, {"model": "admin.logentry", "pk": 35, "fields": {"action_time": "2020-10-09T17:27:56.241Z", "user": 1, "content_type": 14, "object_id": "13", "object_repr": "ephemeral #15", "action_flag": 2, "change_message": "[{\"changed\": {\"fields\": [\"Name\", \"Description\", \"Price\", \"Rating\", \"Image url\", \"Image\"]}}]"}}, {"model": "admin.logentry", "pk": 36, "fields": {"action_time": "2020-10-09T17:30:11.509Z", "user": 1, "content_type": 14, "object_id": "23", "object_repr": "ephemeral #22", "action_flag": 2, "change_message": "[{\"changed\": {\"fields\": [\"Name\", \"Description\", \"Price\", \"Rating\", \"Image url\", \"Image\"]}}]"}}, {"model": "admin.logentry", "pk": 37, "fields": {"action_time": "2020-10-09T17:31:27.641Z", "user": 1, "content_type": 14, "object_id": "25", "object_repr": "Heirloom #15", "action_flag": 2, "change_message": "[{\"changed\": {\"fields\": [\"Name\", \"Description\", \"Price\", \"Rating\", \"Image url\", \"Image\"]}}]"}}, {"model": "admin.logentry", "pk": 38, "fields": {"action_time": "2020-10-09T17:31:53.387Z", "user": 1, "content_type": 14, "object_id": "25", "object_repr": "Heirloom #15", "action_flag": 2, "change_message": "[{\"changed\": {\"fields\": [\"Price\"]}}]"}}, {"model": "admin.logentry", "pk": 39, "fields": {"action_time": "2020-10-09T17:33:23.688Z", "user": 1, "content_type": 14, "object_id": "32", "object_repr": "Heirloom #22", "action_flag": 2, "change_message": "[{\"changed\": {\"fields\": [\"Name\", \"Description\", \"Price\", \"Rating\", \"Image url\", \"Image\"]}}]"}}, {"model": "admin.logentry", "pk": 40, "fields": {"action_time": "2020-10-09T17:35:20.339Z", "user": 1, "content_type": 14, "object_id": "50", "object_repr": "Heirloom #25", "action_flag": 2, "change_message": "[{\"changed\": {\"fields\": [\"Name\", \"Description\", \"Price\", \"Rating\", \"Image url\", \"Image\"]}}]"}}, {"model": "admin.logentry", "pk": 41, "fields": {"action_time": "2020-10-09T17:37:20.588Z", "user": 1, "content_type": 14, "object_id": "54", "object_repr": "Lead Lined Diamond 2", "action_flag": 2, "change_message": "[{\"changed\": {\"fields\": [\"Name\", \"Description\", \"Price\", \"Rating\", \"Image url\", \"Image\"]}}]"}}, {"model": "admin.logentry", "pk": 42, "fields": {"action_time": "2020-10-09T17:38:37.356Z", "user": 1, "content_type": 14, "object_id": "67", "object_repr": "Magic Carpet", "action_flag": 2, "change_message": "[{\"changed\": {\"fields\": [\"Name\", \"Description\", \"Price\", \"Rating\", \"Image url\", \"Image\"]}}]"}}, {"model": "admin.logentry", "pk": 43, "fields": {"action_time": "2020-10-09T17:45:49.484Z", "user": 1, "content_type": 14, "object_id": "6", "object_repr": "ephemeral #3", "action_flag": 2, "change_message": "[{\"changed\": {\"fields\": [\"Image\"]}}]"}}, {"model": "admin.logentry", "pk": 44, "fields": {"action_time": "2020-10-09T17:46:34.842Z", "user": 1, "content_type": 14, "object_id": "11", "object_repr": "ephemeral #13", "action_flag": 2, "change_message": "[{\"changed\": {\"fields\": [\"Image\"]}}]"}}, {"model": "admin.logentry", "pk": 45, "fields": {"action_time": "2020-10-09T17:46:56.762Z", "user": 1, "content_type": 14, "object_id": "13", "object_repr": "ephemeral #15", "action_flag": 2, "change_message": "[{\"changed\": {\"fields\": [\"Image\"]}}]"}}, {"model": "admin.logentry", "pk": 46, "fields": {"action_time": "2020-10-09T17:47:14.333Z", "user": 1, "content_type": 14, "object_id": "23", "object_repr": "ephemeral #22", "action_flag": 2, "change_message": "[{\"changed\": {\"fields\": [\"Image\"]}}]"}}, {"model": "admin.logentry", "pk": 47, "fields": {"action_time": "2020-10-09T17:47:37.317Z", "user": 1, "content_type": 14, "object_id": "25", "object_repr": "Heirloom #15", "action_flag": 2, "change_message": "[{\"changed\": {\"fields\": [\"Image\"]}}]"}}, {"model": "admin.logentry", "pk": 48, "fields": {"action_time": "2020-10-09T17:47:52.518Z", "user": 1, "content_type": 14, "object_id": "32", "object_repr": "Heirloom #22", "action_flag": 2, "change_message": "[{\"changed\": {\"fields\": [\"Image\"]}}]"}}, {"model": "admin.logentry", "pk": 49, "fields": {"action_time": "2020-10-09T17:48:07.951Z", "user": 1, "content_type": 14, "object_id": "50", "object_repr": "Heirloom #25", "action_flag": 2, "change_message": "[{\"changed\": {\"fields\": [\"Image\"]}}]"}}, {"model": "admin.logentry", "pk": 50, "fields": {"action_time": "2020-10-09T17:48:26.424Z", "user": 1, "content_type": 14, "object_id": "54", "object_repr": "Lead Lined Diamond 2", "action_flag": 2, "change_message": "[{\"changed\": {\"fields\": [\"Image\"]}}]"}}, {"model": "admin.logentry", "pk": 51, "fields": {"action_time": "2020-10-09T17:48:41.464Z", "user": 1, "content_type": 14, "object_id": "67", "object_repr": "Magic Carpet", "action_flag": 2, "change_message": "[{\"changed\": {\"fields\": [\"Image\"]}}]"}}, {"model": "admin.logentry", "pk": 52, "fields": {"action_time": "2020-10-10T18:54:08.532Z", "user": 1, "content_type": 14, "object_id": "31", "object_repr": "Segment", "action_flag": 2, "change_message": "[{\"changed\": {\"fields\": [\"Name\", \"Description\", \"Price\", \"Rating\", \"Image url\", \"Image\"]}}]"}}, {"model": "admin.logentry", "pk": 53, "fields": {"action_time": "2020-10-10T18:55:56.799Z", "user": 1, "content_type": 14, "object_id": "39", "object_repr": "Roses", "action_flag": 2, "change_message": "[{\"changed\": {\"fields\": [\"Name\", \"Description\", \"Price\", \"Rating\", \"Image url\", \"Image\"]}}]"}}, {"model": "admin.logentry", "pk": 54, "fields": {"action_time": "2020-10-10T18:58:24.616Z", "user": 1, "content_type": 14, "object_id": "53", "object_repr": "Ingress", "action_flag": 2, "change_message": "[{\"changed\": {\"fields\": [\"Name\", \"Description\", \"Price\", \"Rating\", \"Image url\", \"Image\"]}}]"}}, {"model": "admin.logentry", "pk": 55, "fields": {"action_time": "2020-10-10T19:00:17.222Z", "user": 1, "content_type": 14, "object_id": "57", "object_repr": "Hallowed Reach", "action_flag": 2, "change_message": "[{\"changed\": {\"fields\": [\"Name\", \"Description\", \"Price\", \"Rating\", \"Image url\", \"Image\"]}}]"}}, {"model": "admin.logentry", "pk": 56, "fields": {"action_time": "2020-10-10T19:25:07.240Z", "user": 1, "content_type": 14, "object_id": "62", "object_repr": "Paragon", "action_flag": 2, "change_message": "[{\"changed\": {\"fields\": [\"Name\", \"Description\", \"Price\", \"Rating\", \"Image url\", \"Image\"]}}]"}}, {"model": "admin.logentry", "pk": 57, "fields": {"action_time": "2020-10-10T19:28:52.960Z", "user": 1, "content_type": 14, "object_id": "64", "object_repr": "Spirit", "action_flag": 2, "change_message": "[{\"changed\": {\"fields\": [\"Name\", \"Description\", \"Price\", \"Rating\", \"Image url\", \"Image\"]}}]"}}, {"model": "admin.logentry", "pk": 58, "fields": {"action_time": "2020-10-10T19:32:32.566Z", "user": 1, "content_type": 14, "object_id": "65", "object_repr": "Telesthesia I", "action_flag": 2, "change_message": "[{\"changed\": {\"fields\": [\"Name\", \"Description\", \"Price\", \"Rating\", \"Image url\", \"Image\"]}}]"}}, {"model": "admin.logentry", "pk": 59, "fields": {"action_time": "2020-10-10T19:36:34.380Z", "user": 1, "content_type": 14, "object_id": "66", "object_repr": "Telesthesia II", "action_flag": 2, "change_message": "[{\"changed\": {\"fields\": [\"Name\", \"Description\", \"Price\", \"Rating\", \"Image url\", \"Image\"]}}]"}}, {"model": "admin.logentry", "pk": 60, "fields": {"action_time": "2020-10-11T15:22:01.826Z", "user": 1, "content_type": 14, "object_id": "80", "object_repr": "Virgin", "action_flag": 2, "change_message": "[{\"changed\": {\"fields\": [\"Name\", \"Description\", \"Price\", \"Rating\", \"Image url\", \"Image\"]}}]"}}, {"model": "admin.logentry", "pk": 61, "fields": {"action_time": "2020-10-11T15:25:11.803Z", "user": 1, "content_type": 13, "object_id": "3", "object_repr": "chanelle_walsh", "action_flag": 2, "change_message": "[{\"changed\": {\"fields\": [\"Name\", \"Friendly name\"]}}]"}}, {"model": "admin.logentry", "pk": 62, "fields": {"action_time": "2020-10-11T15:38:35.353Z", "user": 1, "content_type": 14, "object_id": "31", "object_repr": "Segment", "action_flag": 2, "change_message": "[{\"changed\": {\"fields\": [\"Image\"]}}]"}}, {"model": "admin.logentry", "pk": 63, "fields": {"action_time": "2020-10-11T15:38:55.668Z", "user": 1, "content_type": 14, "object_id": "39", "object_repr": "Roses", "action_flag": 2, "change_message": "[{\"changed\": {\"fields\": [\"Image\"]}}]"}}, {"model": "admin.logentry", "pk": 64, "fields": {"action_time": "2020-10-11T15:39:17.563Z", "user": 1, "content_type": 14, "object_id": "53", "object_repr": "Ingress", "action_flag": 2, "change_message": "[{\"changed\": {\"fields\": [\"Image\"]}}]"}}, {"model": "admin.logentry", "pk": 65, "fields": {"action_time": "2020-10-11T15:39:35.014Z", "user": 1, "content_type": 14, "object_id": "57", "object_repr": "Hallowed Reach", "action_flag": 2, "change_message": "[{\"changed\": {\"fields\": [\"Image\"]}}]"}}, {"model": "admin.logentry", "pk": 66, "fields": {"action_time": "2020-10-11T15:39:52.529Z", "user": 1, "content_type": 14, "object_id": "62", "object_repr": "Paragon", "action_flag": 2, "change_message": "[{\"changed\": {\"fields\": [\"Image\"]}}]"}}, {"model": "admin.logentry", "pk": 67, "fields": {"action_time": "2020-10-11T15:40:05.384Z", "user": 1, "content_type": 14, "object_id": "64", "object_repr": "Spirit", "action_flag": 2, "change_message": "[{\"changed\": {\"fields\": [\"Rating\"]}}]"}}, {"model": "admin.logentry", "pk": 68, "fields": {"action_time": "2020-10-11T15:40:34.833Z", "user": 1, "content_type": 14, "object_id": "64", "object_repr": "Spirit", "action_flag": 2, "change_message": "[{\"changed\": {\"fields\": [\"Image\"]}}]"}}, {"model": "admin.logentry", "pk": 69, "fields": {"action_time": "2020-10-11T15:40:49.175Z", "user": 1, "content_type": 14, "object_id": "65", "object_repr": "Telesthesia I", "action_flag": 2, "change_message": "[{\"changed\": {\"fields\": [\"Image\"]}}]"}}, {"model": "admin.logentry", "pk": 70, "fields": {"action_time": "2020-10-11T15:41:08.955Z", "user": 1, "content_type": 14, "object_id": "66", "object_repr": "Telesthesia II", "action_flag": 2, "change_message": "[{\"changed\": {\"fields\": [\"Image\"]}}]"}}, {"model": "admin.logentry", "pk": 71, "fields": {"action_time": "2020-10-11T15:42:17.188Z", "user": 1, "content_type": 14, "object_id": "80", "object_repr": "Virgin", "action_flag": 2, "change_message": "[{\"changed\": {\"fields\": [\"Image\"]}}]"}}, {"model": "admin.logentry", "pk": 72, "fields": {"action_time": "2020-10-11T15:45:18.187Z", "user": 1, "content_type": 14, "object_id": "1", "object_repr": "MasKlub 3", "action_flag": 2, "change_message": "[{\"changed\": {\"fields\": [\"Name\", \"Price\", \"Image url\"]}}]"}}, {"model": "admin.logentry", "pk": 73, "fields": {"action_time": "2020-10-11T15:47:08.899Z", "user": 1, "content_type": 14, "object_id": "56", "object_repr": "Spectre", "action_flag": 2, "change_message": "[{\"changed\": {\"fields\": [\"Name\", \"Image url\"]}}]"}}, {"model": "admin.logentry", "pk": 74, "fields": {"action_time": "2020-10-11T15:49:41.386Z", "user": 1, "content_type": 14, "object_id": "68", "object_repr": "MasKlub 2", "action_flag": 2, "change_message": "[{\"changed\": {\"fields\": [\"Name\", \"Price\", \"Image url\"]}}]"}}, {"model": "admin.logentry", "pk": 75, "fields": {"action_time": "2020-10-11T15:51:55.524Z", "user": 1, "content_type": 14, "object_id": "75", "object_repr": "Ajna", "action_flag": 2, "change_message": "[{\"changed\": {\"fields\": [\"Name\", \"Price\", \"Rating\", \"Image url\"]}}]"}}, {"model": "admin.logentry", "pk": 76, "fields": {"action_time": "2020-10-11T15:54:11.321Z", "user": 1, "content_type": 14, "object_id": "75", "object_repr": "Ajna", "action_flag": 2, "change_message": "[{\"changed\": {\"fields\": [\"Image\"]}}]"}}, {"model": "admin.logentry", "pk": 77, "fields": {"action_time": "2020-10-11T15:54:48.248Z", "user": 1, "content_type": 14, "object_id": "74", "object_repr": "Sage", "action_flag": 2, "change_message": "[{\"changed\": {\"fields\": [\"Image\"]}}]"}}, {"model": "admin.logentry", "pk": 78, "fields": {"action_time": "2020-10-11T15:56:17.946Z", "user": 1, "content_type": 14, "object_id": "73", "object_repr": "MasKlub 1", "action_flag": 2, "change_message": "[{\"changed\": {\"fields\": [\"Price\", \"Image\"]}}]"}}, {"model": "admin.logentry", "pk": 79, "fields": {"action_time": "2020-10-11T15:56:43.369Z", "user": 1, "content_type": 14, "object_id": "72", "object_repr": "Marigold", "action_flag": 2, "change_message": "[{\"changed\": {\"fields\": [\"Price\", \"Image\"]}}]"}}, {"model": "admin.logentry", "pk": 80, "fields": {"action_time": "2020-10-11T15:57:04.503Z", "user": 1, "content_type": 14, "object_id": "68", "object_repr": "MasKlub 2", "action_flag": 2, "change_message": "[{\"changed\": {\"fields\": [\"Image\"]}}]"}}, {"model": "admin.logentry", "pk": 81, "fields": {"action_time": "2020-10-11T15:57:22.691Z", "user": 1, "content_type": 14, "object_id": "56", "object_repr": "Spectre", "action_flag": 2, "change_message": "[{\"changed\": {\"fields\": [\"Image\"]}}]"}}, {"model": "admin.logentry", "pk": 82, "fields": {"action_time": "2020-10-11T15:57:51.683Z", "user": 1, "content_type": 14, "object_id": "35", "object_repr": "Breath", "action_flag": 2, "change_message": "[{\"changed\": {\"fields\": [\"Price\", \"Image\"]}}]"}}, {"model": "admin.logentry", "pk": 83, "fields": {"action_time": "2020-10-11T15:58:13.214Z", "user": 1, "content_type": 14, "object_id": "16", "object_repr": "Dahlia", "action_flag": 2, "change_message": "[{\"changed\": {\"fields\": [\"Price\", \"Image\"]}}]"}}, {"model": "admin.logentry", "pk": 84, "fields": {"action_time": "2020-10-11T15:58:35.955Z", "user": 1, "content_type": 14, "object_id": "1", "object_repr": "MasKlub 3", "action_flag": 2, "change_message": "[{\"changed\": {\"fields\": [\"Price\", \"Image\"]}}]"}}, {"model": "admin.logentry", "pk": 85, "fields": {"action_time": "2020-10-11T15:58:47.912Z", "user": 1, "content_type": 14, "object_id": "74", "object_repr": "Sage", "action_flag": 2, "change_message": "[{\"changed\": {\"fields\": [\"Price\"]}}]"}}, {"model": "admin.logentry", "pk": 86, "fields": {"action_time": "2020-10-11T16:02:03.889Z", "user": 1, "content_type": 14, "object_id": "2", "object_repr": "Long Haul Lullaby", "action_flag": 2, "change_message": "[{\"changed\": {\"fields\": [\"Name\", \"Description\", \"Price\", \"Rating\", \"Image url\", \"Image\"]}}]"}}, {"model": "admin.logentry", "pk": 87, "fields": {"action_time": "2020-10-11T16:03:31.701Z", "user": 1, "content_type": 14, "object_id": "7", "object_repr": "Something shiny", "action_flag": 2, "change_message": "[{\"changed\": {\"fields\": [\"Name\", \"Description\", \"Price\", \"Rating\", \"Image url\", \"Image\"]}}]"}}, {"model": "admin.logentry", "pk": 88, "fields": {"action_time": "2020-10-11T16:05:59.113Z", "user": 1, "content_type": 14, "object_id": "22", "object_repr": "Queen of The Wild Frontier", "action_flag": 2, "change_message": "[{\"changed\": {\"fields\": [\"Name\", \"Description\", \"Price\", \"Rating\", \"Image url\", \"Image\"]}}]"}}, {"model": "admin.logentry", "pk": 89, "fields": {"action_time": "2020-10-11T16:07:33.840Z", "user": 1, "content_type": 14, "object_id": "28", "object_repr": "Reverie", "action_flag": 2, "change_message": "[{\"changed\": {\"fields\": [\"Name\", \"Description\", \"Price\", \"Rating\", \"Image url\", \"Image\"]}}]"}}, {"model": "admin.logentry", "pk": 90, "fields": {"action_time": "2020-10-11T16:19:09.443Z", "user": 1, "content_type": 14, "object_id": "36", "object_repr": "Suspended 3", "action_flag": 2, "change_message": "[{\"changed\": {\"fields\": [\"Name\", \"Description\", \"Price\", \"Rating\", \"Image url\", \"Image\"]}}]"}}, {"model": "admin.logentry", "pk": 91, "fields": {"action_time": "2020-10-11T16:20:40.940Z", "user": 1, "content_type": 14, "object_id": "55", "object_repr": "Suspended 4", "action_flag": 2, "change_message": "[{\"changed\": {\"fields\": [\"Name\", \"Description\", \"Price\", \"Rating\", \"Image url\", \"Image\"]}}]"}}, {"model": "admin.logentry", "pk": 92, "fields": {"action_time": "2020-10-11T16:22:21.547Z", "user": 1, "content_type": 14, "object_id": "60", "object_repr": "Suspended 6", "action_flag": 2, "change_message": "[{\"changed\": {\"fields\": [\"Name\", \"Description\", \"Price\", \"Rating\", \"Image url\", \"Image\"]}}]"}}, {"model": "admin.logentry", "pk": 93, "fields": {"action_time": "2020-10-11T16:23:39.391Z", "user": 1, "content_type": 14, "object_id": "87", "object_repr": "Suspended 19", "action_flag": 2, "change_message": "[{\"changed\": {\"fields\": [\"Name\", \"Description\", \"Price\", \"Rating\", \"Image url\", \"Image\"]}}]"}}, {"model": "admin.logentry", "pk": 94, "fields": {"action_time": "2020-10-11T16:31:03.444Z", "user": 1, "content_type": 14, "object_id": "100", "object_repr": "The Gathering", "action_flag": 2, "change_message": "[{\"changed\": {\"fields\": [\"Name\", \"Description\", \"Price\", \"Rating\", \"Image url\", \"Image\"]}}]"}}, {"model": "admin.logentry", "pk": 95, "fields": {"action_time": "2020-10-11T16:32:39.361Z", "user": 1, "content_type": 14, "object_id": "108", "object_repr": "The Infinite", "action_flag": 2, "change_message": "[{\"changed\": {\"fields\": [\"Name\", \"Description\", \"Price\", \"Rating\", \"Image url\", \"Image\"]}}]"}}, {"model": "admin.logentry", "pk": 96, "fields": {"action_time": "2020-10-11T16:40:38.412Z", "user": 1, "content_type": 14, "object_id": "14", "object_repr": "Used to be there", "action_flag": 2, "change_message": "[{\"changed\": {\"fields\": [\"Name\", \"Description\", \"Price\", \"Rating\", \"Image url\", \"Image\"]}}]"}}, {"model": "admin.logentry", "pk": 97, "fields": {"action_time": "2020-10-11T16:42:04.196Z", "user": 1, "content_type": 14, "object_id": "15", "object_repr": "Absence of a traditional robed portrait", "action_flag": 2, "change_message": "[{\"changed\": {\"fields\": [\"Name\", \"Description\", \"Price\", \"Rating\", \"Image url\", \"Image\"]}}]"}}, {"model": "admin.logentry", "pk": 98, "fields": {"action_time": "2020-10-11T16:43:20.834Z", "user": 1, "content_type": 14, "object_id": "17", "object_repr": "Fabrication", "action_flag": 2, "change_message": "[{\"changed\": {\"fields\": [\"Name\", \"Description\", \"Price\", \"Rating\", \"Image url\", \"Image\"]}}]"}}, {"model": "admin.logentry", "pk": 99, "fields": {"action_time": "2020-10-11T16:44:40.042Z", "user": 1, "content_type": 14, "object_id": "34", "object_repr": "Implicit", "action_flag": 2, "change_message": "[{\"changed\": {\"fields\": [\"Name\", \"Description\", \"Price\", \"Rating\", \"Image url\", \"Image\"]}}]"}}, {"model": "admin.logentry", "pk": 100, "fields": {"action_time": "2020-10-11T16:58:59.919Z", "user": 1, "content_type": 14, "object_id": "44", "object_repr": "Living with a painting", "action_flag": 2, "change_message": "[{\"changed\": {\"fields\": [\"Name\", \"Description\", \"Price\", \"Rating\", \"Image url\", \"Image\"]}}]"}}, {"model": "admin.logentry", "pk": 101, "fields": {"action_time": "2020-10-11T17:00:37.387Z", "user": 1, "content_type": 14, "object_id": "51", "object_repr": "More planning than chance", "action_flag": 2, "change_message": "[{\"changed\": {\"fields\": [\"Name\", \"Description\", \"Price\", \"Rating\", \"Image url\", \"Image\"]}}]"}}, {"model": "admin.logentry", "pk": 102, "fields": {"action_time": "2020-10-11T17:02:15.824Z", "user": 1, "content_type": 14, "object_id": "77", "object_repr": "Net curtains", "action_flag": 2, "change_message": "[{\"changed\": {\"fields\": [\"Name\", \"Description\", \"Price\", \"Rating\", \"Image url\", \"Image\"]}}]"}}, {"model": "admin.logentry", "pk": 103, "fields": {"action_time": "2020-10-11T17:03:28.796Z", "user": 1, "content_type": 14, "object_id": "99", "object_repr": "Open", "action_flag": 2, "change_message": "[{\"changed\": {\"fields\": [\"Name\", \"Description\", \"Price\", \"Rating\", \"Image url\", \"Image\"]}}]"}}, {"model": "admin.logentry", "pk": 104, "fields": {"action_time": "2020-10-11T17:04:59.918Z", "user": 1, "content_type": 14, "object_id": "122", "object_repr": "Continued from before", "action_flag": 2, "change_message": "[{\"changed\": {\"fields\": [\"Name\", \"Description\", \"Price\", \"Rating\", \"Image url\", \"Image\"]}}]"}}, {"model": "admin.logentry", "pk": 105, "fields": {"action_time": "2020-10-11T17:28:08.476Z", "user": 1, "content_type": 14, "object_id": "4", "object_repr": "Icy Moon", "action_flag": 2, "change_message": "[{\"changed\": {\"fields\": [\"Name\", \"Description\", \"Price\", \"Rating\", \"Image url\", \"Image\"]}}]"}}, {"model": "admin.logentry", "pk": 106, "fields": {"action_time": "2020-10-11T17:29:29.260Z", "user": 1, "content_type": 14, "object_id": "5", "object_repr": "Impermanence", "action_flag": 2, "change_message": "[{\"changed\": {\"fields\": [\"Name\", \"Description\", \"Price\", \"Rating\", \"Image url\", \"Image\"]}}]"}}, {"model": "admin.logentry", "pk": 107, "fields": {"action_time": "2020-10-11T17:30:58.235Z", "user": 1, "content_type": 14, "object_id": "8", "object_repr": "Low Lying Clouds", "action_flag": 2, "change_message": "[{\"changed\": {\"fields\": [\"Name\", \"Description\", \"Price\", \"Rating\", \"Image url\", \"Image\"]}}]"}}, {"model": "admin.logentry", "pk": 108, "fields": {"action_time": "2020-10-11T17:35:56.928Z", "user": 1, "content_type": 14, "object_id": "10", "object_repr": "Sacred World", "action_flag": 2, "change_message": "[{\"changed\": {\"fields\": [\"Name\", \"Description\", \"Price\", \"Rating\", \"Image url\", \"Image\"]}}]"}}, {"model": "admin.logentry", "pk": 109, "fields": {"action_time": "2020-10-11T17:37:12.503Z", "user": 1, "content_type": 14, "object_id": "20", "object_repr": "Journey", "action_flag": 2, "change_message": "[{\"changed\": {\"fields\": [\"Name\", \"Description\", \"Price\", \"Rating\", \"Image url\", \"Image\"]}}]"}}, {"model": "admin.logentry", "pk": 110, "fields": {"action_time": "2020-10-11T17:39:36.464Z", "user": 1, "content_type": 14, "object_id": "21", "object_repr": "Witches Broom", "action_flag": 2, "change_message": "[{\"changed\": {\"fields\": [\"Name\", \"Description\", \"Price\", \"Rating\", \"Image url\", \"Image\"]}}]"}}, {"model": "admin.logentry", "pk": 111, "fields": {"action_time": "2020-10-11T17:41:25.158Z", "user": 1, "content_type": 14, "object_id": "26", "object_repr": "Making and Unmaking", "action_flag": 2, "change_message": "[{\"changed\": {\"fields\": [\"Name\", \"Description\", \"Price\", \"Rating\", \"Image url\", \"Image\"]}}]"}}, {"model": "admin.logentry", "pk": 112, "fields": {"action_time": "2020-10-11T17:42:54.352Z", "user": 1, "content_type": 14, "object_id": "27", "object_repr": "They didn't See it Coming", "action_flag": 2, "change_message": "[{\"changed\": {\"fields\": [\"Name\", \"Description\", \"Price\", \"Rating\", \"Image url\", \"Image\"]}}]"}}, {"model": "admin.logentry", "pk": 113, "fields": {"action_time": "2020-10-11T17:43:17.606Z", "user": 1, "content_type": 14, "object_id": "27", "object_repr": "They Didn't See it Coming", "action_flag": 2, "change_message": "[{\"changed\": {\"fields\": [\"Name\"]}}]"}}, {"model": "admin.logentry", "pk": 114, "fields": {"action_time": "2020-10-11T17:44:42.864Z", "user": 1, "content_type": 14, "object_id": "40", "object_repr": "Toxicity", "action_flag": 2, "change_message": "[{\"changed\": {\"fields\": [\"Name\", \"Description\", \"Price\", \"Rating\", \"Image url\", \"Image\"]}}]"}}, {"model": "admin.logentry", "pk": 115, "fields": {"action_time": "2020-10-11T17:58:03.987Z", "user": 1, "content_type": 14, "object_id": "71", "object_repr": "Imix", "action_flag": 2, "change_message": "[{\"changed\": {\"fields\": [\"Name\", \"Description\", \"Price\", \"Rating\", \"Image url\", \"Image\"]}}]"}}, {"model": "admin.logentry", "pk": 116, "fields": {"action_time": "2020-10-11T18:00:32.178Z", "user": 1, "content_type": 14, "object_id": "88", "object_repr": "Sacred Kitchen", "action_flag": 2, "change_message": "[{\"changed\": {\"fields\": [\"Name\", \"Description\", \"Price\", \"Rating\", \"Image url\", \"Image\"]}}]"}}, {"model": "admin.logentry", "pk": 117, "fields": {"action_time": "2020-10-11T18:02:31.858Z", "user": 1, "content_type": 14, "object_id": "117", "object_repr": "Mayahuel", "action_flag": 2, "change_message": "[{\"changed\": {\"fields\": [\"Name\", \"Description\", \"Price\", \"Rating\", \"Image url\", \"Image\"]}}]"}}, {"model": "admin.logentry", "pk": 118, "fields": {"action_time": "2020-10-11T18:03:56.895Z", "user": 1, "content_type": 14, "object_id": "128", "object_repr": "Awaiting the Night", "action_flag": 2, "change_message": "[{\"changed\": {\"fields\": [\"Name\", \"Description\", \"Price\", \"Rating\", \"Image url\", \"Image\"]}}]"}}, {"model": "admin.logentry", "pk": 119, "fields": {"action_time": "2020-10-11T18:05:29.207Z", "user": 1, "content_type": 14, "object_id": "129", "object_repr": "Inspiration comes", "action_flag": 2, "change_message": "[{\"changed\": {\"fields\": [\"Name\", \"Description\", \"Price\", \"Rating\", \"Image url\", \"Image\"]}}]"}}, {"model": "admin.logentry", "pk": 120, "fields": {"action_time": "2020-10-11T18:08:39.527Z", "user": 1, "content_type": 14, "object_id": "137", "object_repr": "Atma Gyan", "action_flag": 2, "change_message": "[{\"changed\": {\"fields\": [\"Name\", \"Description\", \"Price\", \"Rating\", \"Image url\", \"Image\"]}}]"}}, {"model": "admin.logentry", "pk": 121, "fields": {"action_time": "2020-10-11T18:10:26.499Z", "user": 1, "content_type": 14, "object_id": "158", "object_repr": "Blooming", "action_flag": 2, "change_message": "[{\"changed\": {\"fields\": [\"Name\", \"Description\", \"Price\", \"Rating\", \"Image url\", \"Image\"]}}]"}}, {"model": "admin.logentry", "pk": 122, "fields": {"action_time": "2020-10-11T18:16:28.689Z", "user": 1, "content_type": 14, "object_id": "159", "object_repr": "Chalchiuhtlicue", "action_flag": 2, "change_message": "[{\"changed\": {\"fields\": [\"Name\", \"Description\", \"Price\", \"Rating\", \"Image url\"]}}]"}}, {"model": "admin.logentry", "pk": 123, "fields": {"action_time": "2020-10-11T18:18:12.175Z", "user": 1, "content_type": 14, "object_id": "161", "object_repr": "The Lady of the Lotus", "action_flag": 2, "change_message": "[{\"changed\": {\"fields\": [\"Name\", \"Description\", \"Price\", \"Rating\", \"Image url\", \"Image\"]}}]"}}, {"model": "admin.logentry", "pk": 124, "fields": {"action_time": "2020-10-11T18:31:18.615Z", "user": 1, "content_type": 14, "object_id": "162", "object_repr": "Window", "action_flag": 2, "change_message": "[{\"changed\": {\"fields\": [\"Name\", \"Description\", \"Price\", \"Rating\", \"Image url\", \"Image\"]}}]"}}, {"model": "admin.logentry", "pk": 125, "fields": {"action_time": "2020-10-11T18:32:15.560Z", "user": 1, "content_type": 14, "object_id": "159", "object_repr": "Chalchiuhtlicue", "action_flag": 3, "change_message": ""}}, {"model": "admin.logentry", "pk": 126, "fields": {"action_time": "2020-10-11T18:47:37.677Z", "user": 1, "content_type": 13, "object_id": "4", "object_repr": "chloe_early", "action_flag": 2, "change_message": "[{\"changed\": {\"fields\": [\"Name\"]}}]"}}, {"model": "admin.logentry", "pk": 127, "fields": {"action_time": "2020-10-11T18:47:49.503Z", "user": 1, "content_type": 13, "object_id": "4", "object_repr": "chloe_early", "action_flag": 2, "change_message": "[{\"changed\": {\"fields\": [\"Friendly name\"]}}]"}}, {"model": "admin.logentry", "pk": 128, "fields": {"action_time": "2020-10-13T15:10:38.189Z", "user": 1, "content_type": 14, "object_id": "12", "object_repr": "AM studio shot", "action_flag": 2, "change_message": "[{\"changed\": {\"fields\": [\"Name\", \"Description\", \"Price\", \"Rating\", \"Image url\", \"Image\"]}}]"}}, {"model": "admin.logentry", "pk": 129, "fields": {"action_time": "2020-10-13T15:12:47.903Z", "user": 1, "content_type": 14, "object_id": "48", "object_repr": "Bedroom placemats", "action_flag": 2, "change_message": "[{\"changed\": {\"fields\": [\"Name\", \"Description\", \"Price\", \"Rating\", \"Image url\", \"Image\"]}}]"}}, {"model": "admin.logentry", "pk": 130, "fields": {"action_time": "2020-10-13T15:14:41.923Z", "user": 1, "content_type": 14, "object_id": "82", "object_repr": "Chair", "action_flag": 2, "change_message": "[{\"changed\": {\"fields\": [\"Name\", \"Description\", \"Price\", \"Rating\", \"Image url\", \"Image\"]}}]"}}, {"model": "admin.logentry", "pk": 131, "fields": {"action_time": "2020-10-13T15:16:17.796Z", "user": 1, "content_type": 14, "object_id": "89", "object_repr": "It's a joke", "action_flag": 2, "change_message": "[{\"changed\": {\"fields\": [\"Name\", \"Description\", \"Price\", \"Rating\", \"Image url\", \"Image\"]}}]"}}, {"model": "admin.logentry", "pk": 132, "fields": {"action_time": "2020-10-13T15:17:59.167Z", "user": 1, "content_type": 14, "object_id": "92", "object_repr": "It's yours", "action_flag": 2, "change_message": "[{\"changed\": {\"fields\": [\"Name\", \"Description\", \"Price\", \"Rating\", \"Image url\", \"Image\"]}}]"}}, {"model": "admin.logentry", "pk": 133, "fields": {"action_time": "2020-10-13T15:19:30.058Z", "user": 1, "content_type": 14, "object_id": "92", "object_repr": "It's yours", "action_flag": 2, "change_message": "[{\"changed\": {\"fields\": [\"Sku\"]}}]"}}, {"model": "admin.logentry", "pk": 134, "fields": {"action_time": "2020-10-13T15:20:55.079Z", "user": 1, "content_type": 14, "object_id": "105", "object_repr": "Make it", "action_flag": 2, "change_message": "[{\"changed\": {\"fields\": [\"Name\", \"Description\", \"Price\", \"Rating\", \"Image url\", \"Image\"]}}]"}}, {"model": "admin.logentry", "pk": 135, "fields": {"action_time": "2020-10-13T15:21:31.981Z", "user": 1, "content_type": 14, "object_id": "92", "object_repr": "It's yours", "action_flag": 2, "change_message": "[{\"changed\": {\"fields\": [\"Sku\"]}}]"}}, {"model": "admin.logentry", "pk": 136, "fields": {"action_time": "2020-10-13T15:23:45.216Z", "user": 1, "content_type": 14, "object_id": "118", "object_repr": "Me three", "action_flag": 2, "change_message": "[{\"changed\": {\"fields\": [\"Name\", \"Description\", \"Price\", \"Rating\", \"Image url\", \"Image\"]}}]"}}, {"model": "admin.logentry", "pk": 137, "fields": {"action_time": "2020-10-13T15:25:50.834Z", "user": 1, "content_type": 14, "object_id": "119", "object_repr": "Mini box", "action_flag": 2, "change_message": "[{\"changed\": {\"fields\": [\"Name\", \"Description\", \"Price\", \"Rating\", \"Image url\", \"Image\"]}}]"}}, {"model": "admin.logentry", "pk": 138, "fields": {"action_time": "2020-10-13T15:27:28.010Z", "user": 1, "content_type": 14, "object_id": "121", "object_repr": "Siri says", "action_flag": 2, "change_message": "[{\"changed\": {\"fields\": [\"Name\", \"Description\", \"Price\", \"Rating\", \"Image url\", \"Image\"]}}]"}}, {"model": "admin.logentry", "pk": 139, "fields": {"action_time": "2020-10-13T15:34:18.473Z", "user": 1, "content_type": 14, "object_id": "3", "object_repr": "Little monster II", "action_flag": 2, "change_message": "[{\"changed\": {\"fields\": [\"Name\", \"Description\", \"Price\", \"Rating\", \"Image url\", \"Image\"]}}]"}}, {"model": "admin.logentry", "pk": 140, "fields": {"action_time": "2020-10-13T15:36:17.106Z", "user": 1, "content_type": 14, "object_id": "9", "object_repr": "Best smiles", "action_flag": 2, "change_message": "[{\"changed\": {\"fields\": [\"Name\", \"Description\", \"Price\", \"Rating\", \"Image url\", \"Image\"]}}]"}}, {"model": "admin.logentry", "pk": 141, "fields": {"action_time": "2020-10-13T15:39:47.533Z", "user": 1, "content_type": 14, "object_id": "18", "object_repr": "Bunny and green baby", "action_flag": 2, "change_message": "[{\"changed\": {\"fields\": [\"Name\", \"Description\", \"Price\", \"Rating\", \"Image url\", \"Image\"]}}]"}}, {"model": "admin.logentry", "pk": 142, "fields": {"action_time": "2020-10-13T15:43:04.768Z", "user": 1, "content_type": 14, "object_id": "19", "object_repr": "Class picture VII", "action_flag": 2, "change_message": "[{\"changed\": {\"fields\": [\"Name\", \"Description\", \"Price\", \"Rating\", \"Image url\", \"Image\"]}}]"}}, {"model": "admin.logentry", "pk": 143, "fields": {"action_time": "2020-10-13T15:44:57.791Z", "user": 1, "content_type": 14, "object_id": "24", "object_repr": "Girl with a baritone", "action_flag": 2, "change_message": "[{\"changed\": {\"fields\": [\"Name\", \"Description\", \"Price\", \"Rating\", \"Image url\", \"Image\"]}}]"}}, {"model": "admin.logentry", "pk": 144, "fields": {"action_time": "2020-10-13T15:46:43.466Z", "user": 1, "content_type": 14, "object_id": "29", "object_repr": "Home schoolers", "action_flag": 2, "change_message": "[{\"changed\": {\"fields\": [\"Name\", \"Description\", \"Price\", \"Rating\", \"Image url\", \"Image\"]}}]"}}, {"model": "admin.logentry", "pk": 145, "fields": {"action_time": "2020-10-13T15:50:58.927Z", "user": 1, "content_type": 14, "object_id": "30", "object_repr": "Miss Klein steps out", "action_flag": 2, "change_message": "[{\"changed\": {\"fields\": [\"Name\", \"Description\", \"Price\", \"Rating\", \"Image url\", \"Image\"]}}]"}}, {"model": "admin.logentry", "pk": 146, "fields": {"action_time": "2020-10-13T15:51:41.632Z", "user": 1, "content_type": 14, "object_id": "57", "object_repr": "Hallowed Reach", "action_flag": 2, "change_message": "[{\"changed\": {\"fields\": [\"Price\"]}}]"}}, {"model": "admin.logentry", "pk": 147, "fields": {"action_time": "2020-10-13T15:53:39.782Z", "user": 1, "content_type": 14, "object_id": "33", "object_repr": "Shelby", "action_flag": 2, "change_message": "[{\"changed\": {\"fields\": [\"Name\", \"Description\", \"Price\", \"Rating\", \"Image url\", \"Image\"]}}]"}}, {"model": "admin.logentry", "pk": 148, "fields": {"action_time": "2020-10-13T15:55:44.924Z", "user": 1, "content_type": 14, "object_id": "37", "object_repr": "Skeleton kid", "action_flag": 2, "change_message": "[{\"changed\": {\"fields\": [\"Name\", \"Description\", \"Price\", \"Rating\", \"Image url\", \"Image\"]}}]"}}, {"model": "admin.logentry", "pk": 149, "fields": {"action_time": "2020-10-13T16:36:17.195Z", "user": 1, "content_type": 14, "object_id": "71", "object_repr": "A slow day", "action_flag": 2, "change_message": "[{\"changed\": {\"fields\": [\"Name\", \"Description\", \"Image url\", \"Image\"]}}]"}}, {"model": "admin.logentry", "pk": 150, "fields": {"action_time": "2020-10-13T16:36:51.351Z", "user": 1, "content_type": 13, "object_id": "8", "object_repr": "leah_beggs", "action_flag": 2, "change_message": "[{\"changed\": {\"fields\": [\"Name\", \"Friendly name\"]}}]"}}, {"model": "admin.logentry", "pk": 151, "fields": {"action_time": "2020-10-13T16:38:49.119Z", "user": 1, "content_type": 14, "object_id": "88", "object_repr": "High Tide", "action_flag": 2, "change_message": "[{\"changed\": {\"fields\": [\"Name\", \"Description\", \"Price\", \"Image url\", \"Image\"]}}]"}}, {"model": "admin.logentry", "pk": 152, "fields": {"action_time": "2020-10-13T16:40:42.513Z", "user": 1, "content_type": 14, "object_id": "117", "object_repr": "Keeping time", "action_flag": 2, "change_message": "[{\"changed\": {\"fields\": [\"Name\", \"Description\", \"Rating\", \"Image url\", \"Image\"]}}]"}}, {"model": "admin.logentry", "pk": 153, "fields": {"action_time": "2020-10-13T16:42:19.853Z", "user": 1, "content_type": 14, "object_id": "128", "object_repr": "Rosy retrospection", "action_flag": 2, "change_message": "[{\"changed\": {\"fields\": [\"Name\", \"Description\", \"Image url\", \"Image\"]}}]"}}, {"model": "admin.logentry", "pk": 154, "fields": {"action_time": "2020-10-13T16:47:54.991Z", "user": 1, "content_type": 14, "object_id": "129", "object_repr": "Same place", "action_flag": 2, "change_message": "[{\"changed\": {\"fields\": [\"Name\", \"Description\", \"Image url\", \"Image\"]}}]"}}, {"model": "admin.logentry", "pk": 155, "fields": {"action_time": "2020-10-13T16:49:19.825Z", "user": 1, "content_type": 14, "object_id": "137", "object_repr": "Things are looking up", "action_flag": 2, "change_message": "[{\"changed\": {\"fields\": [\"Name\", \"Description\", \"Price\", \"Image url\", \"Image\"]}}]"}}, {"model": "admin.logentry", "pk": 156, "fields": {"action_time": "2020-10-13T16:51:39.076Z", "user": 1, "content_type": 14, "object_id": "158", "object_repr": "Vanishing light", "action_flag": 2, "change_message": "[{\"changed\": {\"fields\": [\"Name\", \"Description\", \"Price\", \"Image url\", \"Image\"]}}]"}}, {"model": "admin.logentry", "pk": 157, "fields": {"action_time": "2020-10-13T16:52:41.824Z", "user": 1, "content_type": 14, "object_id": "161", "object_repr": "Where there's smoke", "action_flag": 2, "change_message": "[{\"changed\": {\"fields\": [\"Name\", \"Description\"]}}]"}}, {"model": "admin.logentry", "pk": 158, "fields": {"action_time": "2020-10-13T16:53:30.080Z", "user": 1, "content_type": 14, "object_id": "161", "object_repr": "Where there's smoke", "action_flag": 2, "change_message": "[{\"changed\": {\"fields\": [\"Description\", \"Price\", \"Image url\", \"Image\"]}}]"}}, {"model": "admin.logentry", "pk": 159, "fields": {"action_time": "2020-10-13T16:54:58.907Z", "user": 1, "content_type": 14, "object_id": "162", "object_repr": "You wouldn't", "action_flag": 2, "change_message": "[{\"changed\": {\"fields\": [\"Name\", \"Description\", \"Image url\", \"Image\"]}}]"}}, {"model": "admin.logentry", "pk": 160, "fields": {"action_time": "2020-10-14T17:04:54.740Z", "user": 1, "content_type": 13, "object_id": "8", "object_repr": "leah_beggs", "action_flag": 2, "change_message": "[{\"changed\": {\"fields\": [\"Description\", \"Image\"]}}]"}}, {"model": "admin.logentry", "pk": 161, "fields": {"action_time": "2020-10-15T14:16:24.713Z", "user": 1, "content_type": 13, "object_id": "9", "object_repr": "lola_donoghue", "action_flag": 2, "change_message": "[{\"changed\": {\"fields\": [\"Description\", \"Image url\", \"Image\"]}}]"}}, {"model": "admin.logentry", "pk": 162, "fields": {"action_time": "2020-10-15T15:24:27.260Z", "user": 1, "content_type": 14, "object_id": "1", "object_repr": "MasKlub 3", "action_flag": 2, "change_message": "[{\"changed\": {\"fields\": [\"Category friendly\", \"Description\", \"Dimensions\", \"Year\", \"Offer\"]}}]"}}, {"model": "admin.logentry", "pk": 163, "fields": {"action_time": "2020-10-15T15:24:52.002Z", "user": 1, "content_type": 14, "object_id": "1", "object_repr": "MasKlub 3", "action_flag": 2, "change_message": "[{\"changed\": {\"fields\": [\"Offer\"]}}]"}}, {"model": "admin.logentry", "pk": 164, "fields": {"action_time": "2020-10-15T16:07:48.233Z", "user": 1, "content_type": 14, "object_id": "12", "object_repr": "AM studio shot", "action_flag": 2, "change_message": "[{\"changed\": {\"fields\": [\"Category friendly\", \"Description\", \"Dimensions\", \"Year\"]}}]"}}, {"model": "admin.logentry", "pk": 165, "fields": {"action_time": "2020-10-15T16:08:01.645Z", "user": 1, "content_type": 14, "object_id": "12", "object_repr": "AM studio shot", "action_flag": 2, "change_message": "[]"}}, {"model": "admin.logentry", "pk": 166, "fields": {"action_time": "2020-10-15T16:08:08.845Z", "user": 1, "content_type": 14, "object_id": "48", "object_repr": "Bedroom placemats", "action_flag": 2, "change_message": "[{\"changed\": {\"fields\": [\"Category friendly\"]}}]"}}, {"model": "admin.logentry", "pk": 167, "fields": {"action_time": "2020-10-15T16:08:17.892Z", "user": 1, "content_type": 14, "object_id": "82", "object_repr": "Chair", "action_flag": 2, "change_message": "[{\"changed\": {\"fields\": [\"Category friendly\"]}}]"}}, {"model": "admin.logentry", "pk": 168, "fields": {"action_time": "2020-10-15T16:08:25.961Z", "user": 1, "content_type": 14, "object_id": "89", "object_repr": "It's a joke", "action_flag": 2, "change_message": "[{\"changed\": {\"fields\": [\"Category friendly\"]}}]"}}, {"model": "admin.logentry", "pk": 169, "fields": {"action_time": "2020-10-15T16:08:33.444Z", "user": 1, "content_type": 14, "object_id": "89", "object_repr": "It's a joke", "action_flag": 2, "change_message": "[]"}}, {"model": "admin.logentry", "pk": 170, "fields": {"action_time": "2020-10-15T16:08:41.620Z", "user": 1, "content_type": 14, "object_id": "105", "object_repr": "Make it", "action_flag": 2, "change_message": "[{\"changed\": {\"fields\": [\"Category friendly\"]}}]"}}, {"model": "admin.logentry", "pk": 171, "fields": {"action_time": "2020-10-15T16:09:22.259Z", "user": 1, "content_type": 14, "object_id": "48", "object_repr": "Bedroom Placemats", "action_flag": 2, "change_message": "[{\"changed\": {\"fields\": [\"Name\", \"Description\", \"Dimensions\", \"Year\"]}}]"}}, {"model": "admin.logentry", "pk": 172, "fields": {"action_time": "2020-10-15T16:10:01.587Z", "user": 1, "content_type": 14, "object_id": "82", "object_repr": "Chair", "action_flag": 2, "change_message": "[{\"changed\": {\"fields\": [\"Description\", \"Dimensions\", \"Year\"]}}]"}}, {"model": "admin.logentry", "pk": 173, "fields": {"action_time": "2020-10-15T16:10:11.050Z", "user": 1, "content_type": 14, "object_id": "82", "object_repr": "Chair", "action_flag": 2, "change_message": "[]"}}, {"model": "admin.logentry", "pk": 174, "fields": {"action_time": "2020-10-15T16:10:36.014Z", "user": 1, "content_type": 14, "object_id": "48", "object_repr": "Bedroom Placemats", "action_flag": 2, "change_message": "[]"}}, {"model": "admin.logentry", "pk": 175, "fields": {"action_time": "2020-10-15T16:11:30.706Z", "user": 1, "content_type": 14, "object_id": "89", "object_repr": "It's a joke", "action_flag": 2, "change_message": "[{\"changed\": {\"fields\": [\"Description\", \"Dimensions\", \"Year\"]}}]"}}, {"model": "admin.logentry", "pk": 176, "fields": {"action_time": "2020-10-15T16:12:02.796Z", "user": 1, "content_type": 14, "object_id": "105", "object_repr": "Make it", "action_flag": 2, "change_message": "[{\"changed\": {\"fields\": [\"Description\", \"Dimensions\", \"Year\"]}}]"}}, {"model": "admin.logentry", "pk": 177, "fields": {"action_time": "2020-10-15T16:12:35.076Z", "user": 1, "content_type": 14, "object_id": "118", "object_repr": "Me three", "action_flag": 2, "change_message": "[{\"changed\": {\"fields\": [\"Category friendly\", \"Description\", \"Dimensions\", \"Year\"]}}]"}}, {"model": "admin.logentry", "pk": 178, "fields": {"action_time": "2020-10-15T16:13:16.297Z", "user": 1, "content_type": 14, "object_id": "119", "object_repr": "Mini box", "action_flag": 2, "change_message": "[{\"changed\": {\"fields\": [\"Category friendly\", \"Description\", \"Dimensions\", \"Year\"]}}]"}}, {"model": "admin.logentry", "pk": 179, "fields": {"action_time": "2020-10-15T16:14:02.688Z", "user": 1, "content_type": 14, "object_id": "121", "object_repr": "Siri says", "action_flag": 2, "change_message": "[{\"changed\": {\"fields\": [\"Category friendly\", \"Description\", \"Dimensions\", \"Year\"]}}]"}}, {"model": "admin.logentry", "pk": 180, "fields": {"action_time": "2020-10-15T16:14:27.928Z", "user": 1, "content_type": 14, "object_id": "92", "object_repr": "It's yours", "action_flag": 2, "change_message": "[{\"changed\": {\"fields\": [\"Category friendly\", \"Description\", \"Dimensions\", \"Year\"]}}]"}}, {"model": "admin.logentry", "pk": 181, "fields": {"action_time": "2020-10-15T16:15:05.242Z", "user": 1, "content_type": 14, "object_id": "139", "object_repr": "Champion Vapor Muscle Tank - Plus", "action_flag": 3, "change_message": ""}}, {"model": "admin.logentry", "pk": 182, "fields": {"action_time": "2020-10-15T16:17:57.342Z", "user": 1, "content_type": 14, "object_id": "142", "object_repr": "Xersion Mesh-Back Tank Top - Plus", "action_flag": 3, "change_message": ""}}, {"model": "admin.logentry", "pk": 183, "fields": {"action_time": "2020-10-15T16:17:57.367Z", "user": 1, "content_type": 14, "object_id": "151", "object_repr": "Made for Life Secretly Slender Capri Leggings - Plus", "action_flag": 3, "change_message": ""}}, {"model": "admin.logentry", "pk": 184, "fields": {"action_time": "2020-10-15T16:17:57.388Z", "user": 1, "content_type": 14, "object_id": "38", "object_repr": "Levinsohn Master Block All-In-One Mattress Protector", "action_flag": 3, "change_message": ""}}, {"model": "admin.logentry", "pk": 185, "fields": {"action_time": "2020-10-15T16:17:57.405Z", "user": 1, "content_type": 14, "object_id": "45", "object_repr": "JCPenney Home Ultra Soft Micro Fleece Blanket", "action_flag": 3, "change_message": ""}}, {"model": "admin.logentry", "pk": 186, "fields": {"action_time": "2020-10-15T16:17:57.424Z", "user": 1, "content_type": 14, "object_id": "46", "object_repr": "Cottonloft Natural Cotton Blanket", "action_flag": 3, "change_message": ""}}, {"model": "admin.logentry", "pk": 187, "fields": {"action_time": "2020-10-15T16:17:57.451Z", "user": 1, "content_type": 14, "object_id": "49", "object_repr": "Disney Cars McQueen Pillow Buddy", "action_flag": 3, "change_message": ""}}, {"model": "admin.logentry", "pk": 188, "fields": {"action_time": "2020-10-15T16:17:57.473Z", "user": 1, "content_type": 14, "object_id": "58", "object_repr": "Madison Park Essentials Concord Reversible Complete Bedding Set with Sheets", "action_flag": 3, "change_message": ""}}, {"model": "admin.logentry", "pk": 189, "fields": {"action_time": "2020-10-15T16:17:57.492Z", "user": 1, "content_type": 14, "object_id": "61", "object_repr": "Eva Longoria Home Solana 4-pc. Comforter Set", "action_flag": 3, "change_message": ""}}, {"model": "admin.logentry", "pk": 190, "fields": {"action_time": "2020-10-15T16:17:57.514Z", "user": 1, "content_type": 14, "object_id": "69", "object_repr": "Home Expressions Microfiber Twin XL Sheet Set", "action_flag": 3, "change_message": ""}}, {"model": "admin.logentry", "pk": 191, "fields": {"action_time": "2020-10-15T16:17:57.533Z", "user": 1, "content_type": 14, "object_id": "70", "object_repr": "Isotonic Iso-Cool Memory Foam Contour Pillow", "action_flag": 3, "change_message": ""}}, {"model": "admin.logentry", "pk": 192, "fields": {"action_time": "2020-10-15T16:17:57.555Z", "user": 1, "content_type": 14, "object_id": "86", "object_repr": "Madison Park Lavinia 6-pc. Quilted Coverlet Set", "action_flag": 3, "change_message": ""}}, {"model": "admin.logentry", "pk": 193, "fields": {"action_time": "2020-10-15T16:17:57.574Z", "user": 1, "content_type": 14, "object_id": "106", "object_repr": "Frank and Lulu Holland Park Comforter Set", "action_flag": 3, "change_message": ""}}, {"model": "admin.logentry", "pk": 194, "fields": {"action_time": "2020-10-15T16:17:57.599Z", "user": 1, "content_type": 14, "object_id": "107", "object_repr": "Frank and Lulu Layne Sheet Set", "action_flag": 3, "change_message": ""}}, {"model": "admin.logentry", "pk": 195, "fields": {"action_time": "2020-10-15T16:17:57.619Z", "user": 1, "content_type": 14, "object_id": "112", "object_repr": "Diamond 24-pc. Bath Towel Set", "action_flag": 3, "change_message": ""}}, {"model": "admin.logentry", "pk": 196, "fields": {"action_time": "2020-10-15T16:17:57.640Z", "user": 1, "content_type": 14, "object_id": "136", "object_repr": "Bounce Comfort Plush Memory Foam Chenille Bath Mats", "action_flag": 3, "change_message": ""}}, {"model": "admin.logentry", "pk": 197, "fields": {"action_time": "2020-10-15T16:17:57.659Z", "user": 1, "content_type": 14, "object_id": "83", "object_repr": "Disney Collection Frozen Elsa Graphic Tee - Girls 2-12", "action_flag": 3, "change_message": ""}}, {"model": "admin.logentry", "pk": 198, "fields": {"action_time": "2020-10-15T16:17:57.684Z", "user": 1, "content_type": 14, "object_id": "85", "object_repr": "Sunbeam Comfy Toes Microplush Heated Throw", "action_flag": 3, "change_message": ""}}, {"model": "admin.logentry", "pk": 199, "fields": {"action_time": "2020-10-15T16:17:57.704Z", "user": 1, "content_type": 14, "object_id": "90", "object_repr": "Stafford Travel Brown Check Suit Jacket - Classic Fit", "action_flag": 3, "change_message": ""}}, {"model": "admin.logentry", "pk": 200, "fields": {"action_time": "2020-10-15T16:17:57.722Z", "user": 1, "content_type": 14, "object_id": "93", "object_repr": "Stafford Flannel Pajama Set - Big & Tall", "action_flag": 3, "change_message": ""}}, {"model": "admin.logentry", "pk": 201, "fields": {"action_time": "2020-10-15T16:17:57.739Z", "user": 1, "content_type": 14, "object_id": "95", "object_repr": "Vieste Green Stone Statement Necklace", "action_flag": 3, "change_message": ""}}, {"model": "admin.logentry", "pk": 202, "fields": {"action_time": "2020-10-15T16:17:57.757Z", "user": 1, "content_type": 14, "object_id": "96", "object_repr": "Bonnie Jean Plaid Dress and Cardigan - Girls Plus", "action_flag": 3, "change_message": ""}}, {"model": "admin.logentry", "pk": 203, "fields": {"action_time": "2020-10-15T16:17:57.776Z", "user": 1, "content_type": 14, "object_id": "97", "object_repr": "Arizona Quilted Sweatshirt - Toddler Girls 2t-5t", "action_flag": 3, "change_message": ""}}, {"model": "admin.logentry", "pk": 204, "fields": {"action_time": "2020-10-15T16:17:57.798Z", "user": 1, "content_type": 14, "object_id": "102", "object_repr": "a.n.a Long-Sleeve Colorblock Sweater", "action_flag": 3, "change_message": ""}}, {"model": "admin.logentry", "pk": 205, "fields": {"action_time": "2020-10-15T16:17:57.816Z", "user": 1, "content_type": 14, "object_id": "103", "object_repr": "Stafford Travel Short-Sleeve Easy-Care Broadcloth Dress Shirt - Big & Tall", "action_flag": 3, "change_message": ""}}, {"model": "admin.logentry", "pk": 206, "fields": {"action_time": "2020-10-15T16:17:57.834Z", "user": 1, "content_type": 14, "object_id": "109", "object_repr": "Arizona Raglan Henley Tee - Boys 8-20", "action_flag": 3, "change_message": ""}}, {"model": "admin.logentry", "pk": 207, "fields": {"action_time": "2020-10-15T16:17:57.853Z", "user": 1, "content_type": 14, "object_id": "110", "object_repr": "Brooklyn Xpress Fleece Jogger Pants", "action_flag": 3, "change_message": ""}}, {"model": "admin.logentry", "pk": 208, "fields": {"action_time": "2020-10-15T16:17:57.878Z", "user": 1, "content_type": 14, "object_id": "126", "object_repr": "Marmellata Sleeveless Dotted Dress - Preschool Girls 4-6x", "action_flag": 3, "change_message": ""}}, {"model": "admin.logentry", "pk": 209, "fields": {"action_time": "2020-10-15T16:17:57.901Z", "user": 1, "content_type": 14, "object_id": "133", "object_repr": "Worthington Tipped Envelope Skirt - Tall", "action_flag": 3, "change_message": ""}}, {"model": "admin.logentry", "pk": 210, "fields": {"action_time": "2020-10-15T16:17:57.923Z", "user": 1, "content_type": 14, "object_id": "115", "object_repr": "Liz Claiborne City-Fit Skinny Jeans - Plus", "action_flag": 3, "change_message": ""}}, {"model": "admin.logentry", "pk": 211, "fields": {"action_time": "2020-10-15T16:17:57.943Z", "user": 1, "content_type": 14, "object_id": "116", "object_repr": "Nike Dri-FIT Base Layer Tights", "action_flag": 3, "change_message": ""}}, {"model": "admin.logentry", "pk": 212, "fields": {"action_time": "2020-10-15T16:17:57.960Z", "user": 1, "content_type": 14, "object_id": "132", "object_repr": "Alfred Dunner Essential Pull On Capri Pant", "action_flag": 3, "change_message": ""}}, {"model": "admin.logentry", "pk": 213, "fields": {"action_time": "2020-10-15T16:17:57.977Z", "user": 1, "content_type": 14, "object_id": "135", "object_repr": "a.n.a Roll-Cuff Skinny Ankle Jeans", "action_flag": 3, "change_message": ""}}, {"model": "admin.logentry", "pk": 214, "fields": {"action_time": "2020-10-15T16:17:57.995Z", "user": 1, "content_type": 14, "object_id": "147", "object_repr": "Island Shores Short-Sleeve Printed Camp Shirt", "action_flag": 3, "change_message": ""}}, {"model": "admin.logentry", "pk": 215, "fields": {"action_time": "2020-10-15T16:17:58.017Z", "user": 1, "content_type": 14, "object_id": "149", "object_repr": "Stylus Linen Crop Pants", "action_flag": 3, "change_message": ""}}, {"model": "admin.logentry", "pk": 216, "fields": {"action_time": "2020-10-15T16:17:58.037Z", "user": 1, "content_type": 14, "object_id": "152", "object_repr": "Arizona Raw-Edge Denim Bermuda Shorts - Juniors Plus", "action_flag": 3, "change_message": ""}}, {"model": "admin.logentry", "pk": 217, "fields": {"action_time": "2020-10-15T16:17:58.055Z", "user": 1, "content_type": 14, "object_id": "160", "object_repr": "Worthington Slim-Fit Cropped Pants", "action_flag": 3, "change_message": ""}}, {"model": "admin.logentry", "pk": 218, "fields": {"action_time": "2020-10-15T16:17:58.075Z", "user": 1, "content_type": 14, "object_id": "168", "object_repr": "Danny & Nicole Sleeveless Printed Fit-and-Flare Dress - Plus", "action_flag": 3, "change_message": ""}}, {"model": "admin.logentry", "pk": 219, "fields": {"action_time": "2020-10-15T16:17:58.098Z", "user": 1, "content_type": 14, "object_id": "123", "object_repr": "Alfred Dunner Denim Capris", "action_flag": 3, "change_message": ""}}, {"model": "admin.logentry", "pk": 220, "fields": {"action_time": "2020-10-15T16:17:58.119Z", "user": 1, "content_type": 14, "object_id": "124", "object_repr": "Worthington Short-Sleeve Scoopneck T-Shirt - Tall", "action_flag": 3, "change_message": ""}}, {"model": "admin.logentry", "pk": 221, "fields": {"action_time": "2020-10-15T16:17:58.148Z", "user": 1, "content_type": 14, "object_id": "130", "object_repr": "Arizona Racerback Tank - Juniors Plus", "action_flag": 3, "change_message": ""}}, {"model": "admin.logentry", "pk": 222, "fields": {"action_time": "2020-10-15T16:17:58.173Z", "user": 1, "content_type": 14, "object_id": "131", "object_repr": "St. John's Bay Long-Sleeve Camp Shirt", "action_flag": 3, "change_message": ""}}, {"model": "admin.logentry", "pk": 223, "fields": {"action_time": "2020-10-15T16:17:58.192Z", "user": 1, "content_type": 14, "object_id": "138", "object_repr": "Worthington 3/4-Sleeve Open-Front Cardigan Sweater", "action_flag": 3, "change_message": ""}}, {"model": "admin.logentry", "pk": 224, "fields": {"action_time": "2020-10-15T16:17:58.213Z", "user": 1, "content_type": 14, "object_id": "153", "object_repr": "Made For Life Short-Sleeve Print V-Neck Mesh T-Shirt - Tall", "action_flag": 3, "change_message": ""}}, {"model": "admin.logentry", "pk": 225, "fields": {"action_time": "2020-10-15T16:17:58.232Z", "user": 1, "content_type": 14, "object_id": "154", "object_repr": "Dockers Signature Classic-Fit Flat-Front Pants", "action_flag": 3, "change_message": ""}}, {"model": "admin.logentry", "pk": 226, "fields": {"action_time": "2020-10-15T16:17:58.253Z", "user": 1, "content_type": 14, "object_id": "155", "object_repr": "Stylus Long-Sleeve Back-Pleat Oversized Shirt- Petite", "action_flag": 3, "change_message": ""}}, {"model": "admin.logentry", "pk": 227, "fields": {"action_time": "2020-10-15T16:19:43.407Z", "user": 1, "content_type": 14, "object_id": "76", "object_repr": "Vanilla Star Embellished Skinny Jeans - Girls 7-16 and Plus", "action_flag": 3, "change_message": ""}}, {"model": "admin.logentry", "pk": 228, "fields": {"action_time": "2020-10-15T16:19:43.428Z", "user": 1, "content_type": 14, "object_id": "78", "object_repr": "a.n.a Skinny Jeans", "action_flag": 3, "change_message": ""}}, {"model": "admin.logentry", "pk": 229, "fields": {"action_time": "2020-10-15T16:19:43.449Z", "user": 1, "content_type": 14, "object_id": "79", "object_repr": "a.n.a Bootcut Jeans", "action_flag": 3, "change_message": ""}}, {"model": "admin.logentry", "pk": 230, "fields": {"action_time": "2020-10-15T16:19:43.468Z", "user": 1, "content_type": 14, "object_id": "81", "object_repr": "a.n.a Jeggings - Plus", "action_flag": 3, "change_message": ""}}, {"model": "admin.logentry", "pk": 231, "fields": {"action_time": "2020-10-15T16:19:43.487Z", "user": 1, "content_type": 14, "object_id": "104", "object_repr": "Gloria Vanderbilt Amanda Jeans - Plus", "action_flag": 3, "change_message": ""}}, {"model": "admin.logentry", "pk": 232, "fields": {"action_time": "2020-10-15T16:19:43.507Z", "user": 1, "content_type": 14, "object_id": "125", "object_repr": "Stylus Flare Jeans", "action_flag": 3, "change_message": ""}}, {"model": "admin.logentry", "pk": 233, "fields": {"action_time": "2020-10-15T16:19:43.527Z", "user": 1, "content_type": 14, "object_id": "127", "object_repr": "Levi's 527 Bootcut Jeans - Boys 8-20, Slim and Husky", "action_flag": 3, "change_message": ""}}, {"model": "admin.logentry", "pk": 234, "fields": {"action_time": "2020-10-15T16:19:43.549Z", "user": 1, "content_type": 14, "object_id": "134", "object_repr": "Stylus Destructed Roll-Cuff Boyfriend Crop Jeans", "action_flag": 3, "change_message": ""}}, {"model": "admin.logentry", "pk": 235, "fields": {"action_time": "2020-10-15T16:19:43.568Z", "user": 1, "content_type": 14, "object_id": "143", "object_repr": "Arizona Cropped Jeans with Belt - Girls 7-16 and Plus", "action_flag": 3, "change_message": ""}}, {"model": "admin.logentry", "pk": 236, "fields": {"action_time": "2020-10-15T16:19:43.590Z", "user": 1, "content_type": 14, "object_id": "144", "object_repr": "Liz Claiborne City-Fit 5-Pocket Flared Cropped Jeans - Tall", "action_flag": 3, "change_message": ""}}, {"model": "admin.logentry", "pk": 237, "fields": {"action_time": "2020-10-15T16:19:43.613Z", "user": 1, "content_type": 14, "object_id": "157", "object_repr": "Arizona Flex Skinny Jeans", "action_flag": 3, "change_message": ""}}, {"model": "admin.logentry", "pk": 238, "fields": {"action_time": "2020-10-15T16:19:43.633Z", "user": 1, "content_type": 14, "object_id": "172", "object_repr": "Stylus Flare Jeans", "action_flag": 3, "change_message": ""}}, {"model": "admin.logentry", "pk": 239, "fields": {"action_time": "2020-10-15T16:19:43.655Z", "user": 1, "content_type": 14, "object_id": "41", "object_repr": "Cake Boss Set of 2 Silicone Baking Mats", "action_flag": 3, "change_message": ""}}, {"model": "admin.logentry", "pk": 240, "fields": {"action_time": "2020-10-15T16:19:43.676Z", "user": 1, "content_type": 14, "object_id": "42", "object_repr": "Corelle Livingware 16-pc. Dinnerware Set", "action_flag": 3, "change_message": ""}}, {"model": "admin.logentry", "pk": 241, "fields": {"action_time": "2020-10-15T16:19:43.700Z", "user": 1, "content_type": 14, "object_id": "43", "object_repr": "Cuisinart Round Classic Waffle Maker", "action_flag": 3, "change_message": ""}}, {"model": "admin.logentry", "pk": 242, "fields": {"action_time": "2020-10-15T16:19:43.721Z", "user": 1, "content_type": 14, "object_id": "47", "object_repr": "Konitz Dots and Stripes Set of 2 Bone China Mugs", "action_flag": 3, "change_message": ""}}, {"model": "admin.logentry", "pk": 243, "fields": {"action_time": "2020-10-15T16:19:43.740Z", "user": 1, "content_type": 14, "object_id": "52", "object_repr": "Philips Airfryer Grill Pan", "action_flag": 3, "change_message": ""}}, {"model": "admin.logentry", "pk": 244, "fields": {"action_time": "2020-10-15T16:19:43.762Z", "user": 1, "content_type": 14, "object_id": "59", "object_repr": "Keurig K250 2.0 Compact Brewer", "action_flag": 3, "change_message": ""}}, {"model": "admin.logentry", "pk": 245, "fields": {"action_time": "2020-10-15T16:19:43.782Z", "user": 1, "content_type": 14, "object_id": "63", "object_repr": "Pfaltzgraff Everyday Sandy Shore 16-pc. Dinnerware Set", "action_flag": 3, "change_message": ""}}, {"model": "admin.logentry", "pk": 246, "fields": {"action_time": "2020-10-15T16:19:43.802Z", "user": 1, "content_type": 14, "object_id": "98", "object_repr": "Arlee Jada Plaid Set of 4 Placemats", "action_flag": 3, "change_message": ""}}, {"model": "admin.logentry", "pk": 247, "fields": {"action_time": "2020-10-15T16:19:43.823Z", "user": 1, "content_type": 14, "object_id": "145", "object_repr": "Presto Pizzazz Plus Rotating Oven", "action_flag": 3, "change_message": ""}}, {"model": "admin.logentry", "pk": 248, "fields": {"action_time": "2020-10-15T16:19:43.843Z", "user": 1, "content_type": 14, "object_id": "146", "object_repr": "Rachael Ray 10-pc. Hard-Anodized Cookware Set", "action_flag": 3, "change_message": ""}}, {"model": "admin.logentry", "pk": 249, "fields": {"action_time": "2020-10-15T16:19:43.863Z", "user": 1, "content_type": 14, "object_id": "148", "object_repr": "Black+Decker Stainless Steel Rapid 2-Slice Toaster", "action_flag": 3, "change_message": ""}}, {"model": "admin.logentry", "pk": 250, "fields": {"action_time": "2020-10-15T16:19:43.883Z", "user": 1, "content_type": 14, "object_id": "163", "object_repr": "i jeans by Buffalo Lace Midi Skirt", "action_flag": 3, "change_message": ""}}, {"model": "admin.logentry", "pk": 251, "fields": {"action_time": "2020-10-15T16:19:43.902Z", "user": 1, "content_type": 14, "object_id": "164", "object_repr": "Liz Claiborne Roll-Cuff Cargo Shorts", "action_flag": 3, "change_message": ""}}, {"model": "admin.logentry", "pk": 252, "fields": {"action_time": "2020-10-15T16:19:43.924Z", "user": 1, "content_type": 14, "object_id": "165", "object_repr": "Worthington Mixed Media Open Back Blouse - Plus", "action_flag": 3, "change_message": ""}}, {"model": "admin.logentry", "pk": 253, "fields": {"action_time": "2020-10-15T16:19:43.953Z", "user": 1, "content_type": 14, "object_id": "166", "object_repr": "Steve Harvey Linen Blend Vest - Big & Tall", "action_flag": 3, "change_message": ""}}, {"model": "admin.logentry", "pk": 254, "fields": {"action_time": "2020-10-15T16:19:43.980Z", "user": 1, "content_type": 14, "object_id": "167", "object_repr": "Studio 1 Sleeveless Embellished-Neck Handkerchief Dress - Plus", "action_flag": 3, "change_message": ""}}, {"model": "admin.logentry", "pk": 255, "fields": {"action_time": "2020-10-15T16:19:44.002Z", "user": 1, "content_type": 14, "object_id": "169", "object_repr": "MaryJane's Home Cotton Clouds Square Decorative Pillow", "action_flag": 3, "change_message": ""}}, {"model": "admin.logentry", "pk": 256, "fields": {"action_time": "2020-10-15T16:19:44.030Z", "user": 1, "content_type": 14, "object_id": "170", "object_repr": "City Triangles Sleeveless Lace Top Printed Short Belted Romper", "action_flag": 3, "change_message": ""}}, {"model": "admin.logentry", "pk": 257, "fields": {"action_time": "2020-10-15T16:19:44.058Z", "user": 1, "content_type": 14, "object_id": "171", "object_repr": "by&by Spaghetti Strap Crochet Inset Waist Dress", "action_flag": 3, "change_message": ""}}, {"model": "admin.logentry", "pk": 258, "fields": {"action_time": "2020-10-15T16:19:44.089Z", "user": 1, "content_type": 14, "object_id": "173", "object_repr": "Alyx Printed Maxi Skirt", "action_flag": 3, "change_message": ""}}, {"model": "admin.logentry", "pk": 259, "fields": {"action_time": "2020-10-15T16:19:44.120Z", "user": 1, "content_type": 14, "object_id": "174", "object_repr": "St. John's Bay Ikat Sharkbite Tank Top", "action_flag": 3, "change_message": ""}}, {"model": "admin.logentry", "pk": 260, "fields": {"action_time": "2020-10-15T16:19:44.150Z", "user": 1, "content_type": 14, "object_id": "84", "object_repr": "Dickies Short-Sleeve Performance Polo", "action_flag": 3, "change_message": ""}}, {"model": "admin.logentry", "pk": 261, "fields": {"action_time": "2020-10-15T16:19:44.182Z", "user": 1, "content_type": 14, "object_id": "91", "object_repr": "Arizona Raglan-Sleeve Thermal Pullover", "action_flag": 3, "change_message": ""}}, {"model": "admin.logentry", "pk": 262, "fields": {"action_time": "2020-10-15T16:19:44.213Z", "user": 1, "content_type": 14, "object_id": "94", "object_repr": "Arizona Flannel Shirt - Preschool Boys 4-7", "action_flag": 3, "change_message": ""}}, {"model": "admin.logentry", "pk": 263, "fields": {"action_time": "2020-10-15T16:19:44.240Z", "user": 1, "content_type": 14, "object_id": "101", "object_repr": "Stafford Non-Iron Cotton Oxford Dress Shirt - Big & Tall", "action_flag": 3, "change_message": ""}}, {"model": "admin.logentry", "pk": 264, "fields": {"action_time": "2020-10-15T16:19:44.272Z", "user": 1, "content_type": 14, "object_id": "111", "object_repr": "Bob Marely 1976 T-Shirt", "action_flag": 3, "change_message": ""}}, {"model": "admin.logentry", "pk": 265, "fields": {"action_time": "2020-10-15T16:19:44.304Z", "user": 1, "content_type": 14, "object_id": "113", "object_repr": "Arizona Raglan T-Shirt", "action_flag": 3, "change_message": ""}}, {"model": "admin.logentry", "pk": 266, "fields": {"action_time": "2020-10-15T16:19:44.333Z", "user": 1, "content_type": 14, "object_id": "114", "object_repr": "Arizona Pocket T-Shirt", "action_flag": 3, "change_message": ""}}, {"model": "admin.logentry", "pk": 267, "fields": {"action_time": "2020-10-15T16:19:44.362Z", "user": 1, "content_type": 14, "object_id": "120", "object_repr": "Vans Zone Bluts Short-Sleeve T-Shirt", "action_flag": 3, "change_message": ""}}, {"model": "admin.logentry", "pk": 268, "fields": {"action_time": "2020-10-15T16:19:44.383Z", "user": 1, "content_type": 14, "object_id": "150", "object_repr": "Carter's Short-Sleeve Shark Tee - Preschool Boys 4-7", "action_flag": 3, "change_message": ""}}, {"model": "admin.logentry", "pk": 269, "fields": {"action_time": "2020-10-15T16:19:44.404Z", "user": 1, "content_type": 14, "object_id": "156", "object_repr": "Graham & Co. Dress Shirt, Tie and Pre-Tied Bow Tie", "action_flag": 3, "change_message": ""}}, {"model": "admin.logentry", "pk": 270, "fields": {"action_time": "2020-10-15T16:20:44.082Z", "user": 1, "content_type": 14, "object_id": "3", "object_repr": "Little monster II", "action_flag": 2, "change_message": "[{\"changed\": {\"fields\": [\"Category friendly\", \"Description\", \"Dimensions\", \"Year\"]}}]"}}, {"model": "admin.logentry", "pk": 271, "fields": {"action_time": "2020-10-15T16:21:10.766Z", "user": 1, "content_type": 14, "object_id": "9", "object_repr": "Best smiles", "action_flag": 2, "change_message": "[{\"changed\": {\"fields\": [\"Category friendly\", \"Description\", \"Dimensions\", \"Year\"]}}]"}}, {"model": "admin.logentry", "pk": 272, "fields": {"action_time": "2020-10-15T16:21:39.553Z", "user": 1, "content_type": 14, "object_id": "18", "object_repr": "Bunny and green baby", "action_flag": 2, "change_message": "[{\"changed\": {\"fields\": [\"Category friendly\", \"Description\", \"Dimensions\", \"Year\"]}}]"}}, {"model": "admin.logentry", "pk": 273, "fields": {"action_time": "2020-10-15T16:22:09.979Z", "user": 1, "content_type": 14, "object_id": "19", "object_repr": "Class picture VII", "action_flag": 2, "change_message": "[{\"changed\": {\"fields\": [\"Category friendly\", \"Description\", \"Dimensions\", \"Year\"]}}]"}}, {"model": "admin.logentry", "pk": 274, "fields": {"action_time": "2020-10-15T16:22:35.331Z", "user": 1, "content_type": 14, "object_id": "24", "object_repr": "Girl with a baritone", "action_flag": 2, "change_message": "[{\"changed\": {\"fields\": [\"Category friendly\", \"Description\", \"Dimensions\", \"Year\"]}}]"}}, {"model": "admin.logentry", "pk": 275, "fields": {"action_time": "2020-10-15T16:22:48.085Z", "user": 1, "content_type": 14, "object_id": "19", "object_repr": "Class picture VII", "action_flag": 2, "change_message": "[]"}}, {"model": "admin.logentry", "pk": 276, "fields": {"action_time": "2020-10-15T16:23:12.863Z", "user": 1, "content_type": 14, "object_id": "29", "object_repr": "Home schoolers", "action_flag": 2, "change_message": "[{\"changed\": {\"fields\": [\"Category friendly\", \"Description\", \"Dimensions\", \"Year\"]}}]"}}, {"model": "admin.logentry", "pk": 277, "fields": {"action_time": "2020-10-16T12:23:56.067Z", "user": 1, "content_type": 13, "object_id": "9", "object_repr": "lola_donoghue", "action_flag": 2, "change_message": "[{\"changed\": {\"fields\": [\"Image\"]}}]"}}, {"model": "admin.logentry", "pk": 278, "fields": {"action_time": "2020-10-16T12:32:38.306Z", "user": 1, "content_type": 13, "object_id": "9", "object_repr": "lola_donoghue", "action_flag": 2, "change_message": "[{\"changed\": {\"fields\": [\"Image\"]}}]"}}, {"model": "admin.logentry", "pk": 279, "fields": {"action_time": "2020-10-16T12:37:14.330Z", "user": 1, "content_type": 13, "object_id": "9", "object_repr": "lola_donoghue", "action_flag": 2, "change_message": "[{\"changed\": {\"fields\": [\"Description\"]}}]"}}, {"model": "admin.logentry", "pk": 280, "fields": {"action_time": "2020-10-16T12:58:18.428Z", "user": 1, "content_type": 13, "object_id": "9", "object_repr": "lola_donoghue", "action_flag": 2, "change_message": "[{\"changed\": {\"fields\": [\"Description\"]}}]"}}, {"model": "admin.logentry", "pk": 281, "fields": {"action_time": "2020-10-18T12:53:21.631Z", "user": 1, "content_type": 14, "object_id": "100", "object_repr": "The Gathering", "action_flag": 2, "change_message": "[{\"changed\": {\"fields\": [\"Sku\"]}}]"}}, {"model": "admin.logentry", "pk": 282, "fields": {"action_time": "2020-10-18T12:53:48.817Z", "user": 1, "content_type": 14, "object_id": "108", "object_repr": "The Infinite", "action_flag": 2, "change_message": "[{\"changed\": {\"fields\": [\"Sku\"]}}]"}}, {"model": "admin.logentry", "pk": 283, "fields": {"action_time": "2020-10-18T12:54:56.568Z", "user": 1, "content_type": 14, "object_id": "7", "object_repr": "Something shiny", "action_flag": 2, "change_message": "[{\"changed\": {\"fields\": [\"Sku\"]}}]"}}, {"model": "admin.logentry", "pk": 284, "fields": {"action_time": "2020-10-18T12:56:25.861Z", "user": 1, "content_type": 14, "object_id": "22", "object_repr": "Queen of The Wild Frontier", "action_flag": 2, "change_message": "[{\"changed\": {\"fields\": [\"Sku\"]}}]"}}, {"model": "admin.logentry", "pk": 285, "fields": {"action_time": "2020-10-18T12:56:56.239Z", "user": 1, "content_type": 14, "object_id": "28", "object_repr": "Reverie", "action_flag": 2, "change_message": "[{\"changed\": {\"fields\": [\"Sku\"]}}]"}}, {"model": "admin.logentry", "pk": 286, "fields": {"action_time": "2020-10-18T21:02:08.280Z", "user": 1, "content_type": 14, "object_id": "50", "object_repr": "Heirloom #25", "action_flag": 2, "change_message": "[{\"changed\": {\"fields\": [\"Description\", \"Dimensions\", \"Year\"]}}]"}}, {"model": "admin.logentry", "pk": 287, "fields": {"action_time": "2020-10-18T21:02:39.409Z", "user": 1, "content_type": 14, "object_id": "67", "object_repr": "Magic Carpet", "action_flag": 2, "change_message": "[{\"changed\": {\"fields\": [\"Description\", \"Dimensions\", \"Year\"]}}]"}}, {"model": "admin.logentry", "pk": 288, "fields": {"action_time": "2020-10-18T21:03:21.301Z", "user": 1, "content_type": 14, "object_id": "54", "object_repr": "Lead Lined Diamond 2", "action_flag": 2, "change_message": "[{\"changed\": {\"fields\": [\"Dimensions\", \"Year\"]}}]"}}, {"model": "admin.logentry", "pk": 289, "fields": {"action_time": "2020-10-18T21:03:42.853Z", "user": 1, "content_type": 14, "object_id": "32", "object_repr": "Heirloom #22", "action_flag": 2, "change_message": "[{\"changed\": {\"fields\": [\"Dimensions\", \"Year\"]}}]"}}, {"model": "admin.logentry", "pk": 290, "fields": {"action_time": "2020-10-18T21:03:56.471Z", "user": 1, "content_type": 14, "object_id": "25", "object_repr": "Heirloom #15", "action_flag": 2, "change_message": "[{\"changed\": {\"fields\": [\"Dimensions\", \"Year\"]}}]"}}, {"model": "admin.logentry", "pk": 291, "fields": {"action_time": "2020-10-18T21:04:19.242Z", "user": 1, "content_type": 14, "object_id": "23", "object_repr": "ephemeral #22", "action_flag": 2, "change_message": "[{\"changed\": {\"fields\": [\"Dimensions\", \"Year\"]}}]"}}, {"model": "admin.logentry", "pk": 292, "fields": {"action_time": "2020-10-18T21:04:30.013Z", "user": 1, "content_type": 14, "object_id": "23", "object_repr": "ephemeral #22", "action_flag": 2, "change_message": "[{\"changed\": {\"fields\": [\"Description\"]}}]"}}, {"model": "admin.logentry", "pk": 293, "fields": {"action_time": "2020-10-18T21:04:38.565Z", "user": 1, "content_type": 14, "object_id": "50", "object_repr": "Heirloom #25", "action_flag": 2, "change_message": "[]"}}, {"model": "admin.logentry", "pk": 294, "fields": {"action_time": "2020-10-18T21:04:48.924Z", "user": 1, "content_type": 14, "object_id": "32", "object_repr": "Heirloom #22", "action_flag": 2, "change_message": "[{\"changed\": {\"fields\": [\"Description\"]}}]"}}, {"model": "admin.logentry", "pk": 295, "fields": {"action_time": "2020-10-18T21:05:07.307Z", "user": 1, "content_type": 14, "object_id": "13", "object_repr": "ephemeral #15", "action_flag": 2, "change_message": "[{\"changed\": {\"fields\": [\"Description\", \"Dimensions\", \"Year\"]}}]"}}, {"model": "admin.logentry", "pk": 296, "fields": {"action_time": "2020-10-18T21:05:45.294Z", "user": 1, "content_type": 14, "object_id": "11", "object_repr": "ephemeral #13", "action_flag": 2, "change_message": "[{\"changed\": {\"fields\": [\"Description\", \"Dimensions\", \"Year\"]}}]"}}, {"model": "admin.logentry", "pk": 297, "fields": {"action_time": "2020-10-18T21:06:03.328Z", "user": 1, "content_type": 14, "object_id": "6", "object_repr": "ephemeral #3", "action_flag": 2, "change_message": "[{\"changed\": {\"fields\": [\"Description\", \"Dimensions\", \"Year\"]}}]"}}, {"model": "admin.logentry", "pk": 298, "fields": {"action_time": "2020-10-19T18:12:26.049Z", "user": 1, "content_type": 13, "object_id": "6", "object_repr": "emma_sheridan", "action_flag": 2, "change_message": "[{\"changed\": {\"fields\": [\"Description\", \"Image\"]}}]"}}, {"model": "admin.logentry", "pk": 299, "fields": {"action_time": "2020-10-19T19:22:07.038Z", "user": 1, "content_type": 13, "object_id": "8", "object_repr": "leah_beggs", "action_flag": 2, "change_message": "[{\"changed\": {\"fields\": [\"Image\"]}}]"}}, {"model": "admin.logentry", "pk": 300, "fields": {"action_time": "2020-10-19T19:22:25.468Z", "user": 1, "content_type": 13, "object_id": "7", "object_repr": "jane_rainey", "action_flag": 2, "change_message": "[{\"changed\": {\"fields\": [\"Image\"]}}]"}}, {"model": "admin.logentry", "pk": 301, "fields": {"action_time": "2020-10-19T19:22:49.382Z", "user": 1, "content_type": 13, "object_id": "6", "object_repr": "emma_sheridan", "action_flag": 2, "change_message": "[{\"changed\": {\"fields\": [\"Image\"]}}]"}}, {"model": "admin.logentry", "pk": 302, "fields": {"action_time": "2020-10-19T19:23:09.265Z", "user": 1, "content_type": 13, "object_id": "5", "object_repr": "eileen_o'sullivan", "action_flag": 2, "change_message": "[{\"changed\": {\"fields\": [\"Image\"]}}]"}}, {"model": "admin.logentry", "pk": 303, "fields": {"action_time": "2020-10-19T19:23:31.728Z", "user": 1, "content_type": 13, "object_id": "4", "object_repr": "chloe_early", "action_flag": 2, "change_message": "[{\"changed\": {\"fields\": [\"Image\"]}}]"}}, {"model": "admin.logentry", "pk": 304, "fields": {"action_time": "2020-10-19T19:23:53.029Z", "user": 1, "content_type": 13, "object_id": "3", "object_repr": "chanelle_walsh", "action_flag": 2, "change_message": "[{\"changed\": {\"fields\": [\"Image\"]}}]"}}, {"model": "admin.logentry", "pk": 305, "fields": {"action_time": "2020-10-19T19:24:11.370Z", "user": 1, "content_type": 13, "object_id": "2", "object_repr": "mercedes_helnwein", "action_flag": 2, "change_message": "[{\"changed\": {\"fields\": [\"Image\"]}}]"}}, {"model": "admin.logentry", "pk": 306, "fields": {"action_time": "2020-10-19T19:24:29.282Z", "user": 1, "content_type": 13, "object_id": "1", "object_repr": "mollie_douthit", "action_flag": 2, "change_message": "[{\"changed\": {\"fields\": [\"Image\"]}}]"}}, {"model": "admin.logentry", "pk": 307, "fields": {"action_time": "2020-10-22T18:03:33.168Z", "user": 1, "content_type": 13, "object_id": "6", "object_repr": "emma_sheridan", "action_flag": 2, "change_message": "[]"}}, {"model": "admin.logentry", "pk": 308, "fields": {"action_time": "2020-10-22T19:37:46.213Z", "user": 1, "content_type": 8, "object_id": "1", "object_repr": "leedavidmartina@gmail.com", "action_flag": 2, "change_message": "[{\"changed\": {\"fields\": [\"Verified\"]}}]"}}, {"model": "admin.logentry", "pk": 309, "fields": {"action_time": "2020-10-22T19:38:46.280Z", "user": 1, "content_type": 15, "object_id": "10", "object_repr": "101F703AAA994D27A190370D954F1B36", "action_flag": 2, "change_message": "[]"}}, {"model": "admin.logentry", "pk": 310, "fields": {"action_time": "2020-10-22T19:39:33.171Z", "user": 1, "content_type": 4, "object_id": "1", "object_repr": "LeeDavid", "action_flag": 2, "change_message": "[]"}}, {"model": "admin.logentry", "pk": 311, "fields": {"action_time": "2020-10-23T15:03:30.149Z", "user": 1, "content_type": 14, "object_id": "1", "object_repr": "MasKlub 3", "action_flag": 2, "change_message": "[]"}}, {"model": "admin.logentry", "pk": 312, "fields": {"action_time": "2020-10-25T21:46:11.580Z", "user": 1, "content_type": 13, "object_id": "8", "object_repr": "leah_beggs", "action_flag": 2, "change_message": "[{\"changed\": {\"fields\": [\"Image\"]}}]"}}, {"model": "admin.logentry", "pk": 313, "fields": {"action_time": "2020-10-25T21:46:33.431Z", "user": 1, "content_type": 13, "object_id": "4", "object_repr": "chloe_early", "action_flag": 2, "change_message": "[{\"changed\": {\"fields\": [\"Image\"]}}]"}}, {"model": "admin.logentry", "pk": 314, "fields": {"action_time": "2020-10-25T21:46:56.281Z", "user": 1, "content_type": 13, "object_id": "1", "object_repr": "mollie_douthit", "action_flag": 2, "change_message": "[{\"changed\": {\"fields\": [\"Image\"]}}]"}}, {"model": "admin.logentry", "pk": 315, "fields": {"action_time": "2020-10-25T23:04:09.140Z", "user": 1, "content_type": 13, "object_id": "5", "object_repr": "eileen_o'sullivan", "action_flag": 2, "change_message": "[{\"changed\": {\"fields\": [\"Image\"]}}]"}}, {"model": "admin.logentry", "pk": 316, "fields": {"action_time": "2020-10-25T23:04:25.636Z", "user": 1, "content_type": 13, "object_id": "4", "object_repr": "chloe_early", "action_flag": 2, "change_message": "[{\"changed\": {\"fields\": [\"Image\"]}}]"}}, {"model": "admin.logentry", "pk": 317, "fields": {"action_time": "2020-10-25T23:04:46.494Z", "user": 1, "content_type": 13, "object_id": "8", "object_repr": "leah_beggs", "action_flag": 2, "change_message": "[{\"changed\": {\"fields\": [\"Image\"]}}]"}}, {"model": "admin.logentry", "pk": 318, "fields": {"action_time": "2020-10-25T23:18:37.153Z", "user": 1, "content_type": 13, "object_id": "7", "object_repr": "jane_rainey", "action_flag": 2, "change_message": "[{\"changed\": {\"fields\": [\"Image\"]}}]"}}, {"model": "admin.logentry", "pk": 319, "fields": {"action_time": "2020-10-25T23:21:10.444Z", "user": 1, "content_type": 13, "object_id": "6", "object_repr": "emma_sheridan", "action_flag": 2, "change_message": "[{\"changed\": {\"fields\": [\"Image\"]}}]"}}, {"model": "admin.logentry", "pk": 320, "fields": {"action_time": "2020-10-25T23:22:25.645Z", "user": 1, "content_type": 13, "object_id": "8", "object_repr": "leah_beggs", "action_flag": 2, "change_message": "[{\"changed\": {\"fields\": [\"Description\"]}}]"}}, {"model": "admin.logentry", "pk": 321, "fields": {"action_time": "2020-10-25T23:23:59.949Z", "user": 1, "content_type": 13, "object_id": "7", "object_repr": "jane_rainey", "action_flag": 2, "change_message": "[{\"changed\": {\"fields\": [\"Description\"]}}]"}}, {"model": "admin.logentry", "pk": 322, "fields": {"action_time": "2020-10-25T23:27:05.645Z", "user": 1, "content_type": 13, "object_id": "6", "object_repr": "emma_sheridan", "action_flag": 2, "change_message": "[{\"changed\": {\"fields\": [\"Description\"]}}]"}}, {"model": "admin.logentry", "pk": 323, "fields": {"action_time": "2020-10-25T23:27:17.267Z", "user": 1, "content_type": 13, "object_id": "6", "object_repr": "emma_sheridan", "action_flag": 2, "change_message": "[{\"changed\": {\"fields\": [\"Description\"]}}]"}}, {"model": "admin.logentry", "pk": 324, "fields": {"action_time": "2020-10-25T23:27:53.226Z", "user": 1, "content_type": 13, "object_id": "5", "object_repr": "eileen_o'sullivan", "action_flag": 2, "change_message": "[{\"changed\": {\"fields\": [\"Description\"]}}]"}}, {"model": "admin.logentry", "pk": 325, "fields": {"action_time": "2020-10-25T23:31:55.665Z", "user": 1, "content_type": 13, "object_id": "4", "object_repr": "chloe_early", "action_flag": 2, "change_message": "[{\"changed\": {\"fields\": [\"Description\"]}}]"}}, {"model": "admin.logentry", "pk": 326, "fields": {"action_time": "2020-10-25T23:32:34.468Z", "user": 1, "content_type": 13, "object_id": "3", "object_repr": "chanelle_walsh", "action_flag": 2, "change_message": "[{\"changed\": {\"fields\": [\"Description\"]}}]"}}, {"model": "admin.logentry", "pk": 327, "fields": {"action_time": "2020-10-25T23:33:16.342Z", "user": 1, "content_type": 13, "object_id": "2", "object_repr": "mercedes_helnwein", "action_flag": 2, "change_message": "[{\"changed\": {\"fields\": [\"Description\"]}}]"}}, {"model": "admin.logentry", "pk": 328, "fields": {"action_time": "2020-10-25T23:33:44.256Z", "user": 1, "content_type": 13, "object_id": "1", "object_repr": "mollie_douthit", "action_flag": 2, "change_message": "[{\"changed\": {\"fields\": [\"Description\"]}}]"}}, {"model": "admin.logentry", "pk": 329, "fields": {"action_time": "2020-10-25T23:36:06.688Z", "user": 1, "content_type": 13, "object_id": "8", "object_repr": "leah_beggs", "action_flag": 2, "change_message": "[{\"changed\": {\"fields\": [\"Description\"]}}]"}}, {"model": "admin.logentry", "pk": 330, "fields": {"action_time": "2020-10-25T23:37:14.443Z", "user": 1, "content_type": 13, "object_id": "1", "object_repr": "mollie_douthit", "action_flag": 2, "change_message": "[{\"changed\": {\"fields\": [\"Description\"]}}]"}}, {"model": "admin.logentry", "pk": 331, "fields": {"action_time": "2020-10-25T23:41:57.671Z", "user": 1, "content_type": 13, "object_id": "7", "object_repr": "jane_rainey", "action_flag": 2, "change_message": "[{\"changed\": {\"fields\": [\"Description\"]}}]"}}, {"model": "admin.logentry", "pk": 332, "fields": {"action_time": "2020-10-25T23:42:52.687Z", "user": 1, "content_type": 13, "object_id": "7", "object_repr": "jane_rainey", "action_flag": 2, "change_message": "[{\"changed\": {\"fields\": [\"Description\"]}}]"}}, {"model": "admin.logentry", "pk": 333, "fields": {"action_time": "2020-10-25T23:49:47.710Z", "user": 1, "content_type": 13, "object_id": "6", "object_repr": "emma_sheridan", "action_flag": 2, "change_message": "[{\"changed\": {\"fields\": [\"Description\"]}}]"}}, {"model": "admin.logentry", "pk": 334, "fields": {"action_time": "2020-10-25T23:52:08.179Z", "user": 1, "content_type": 13, "object_id": "6", "object_repr": "emma_sheridan", "action_flag": 2, "change_message": "[{\"changed\": {\"fields\": [\"Description\"]}}]"}}, {"model": "admin.logentry", "pk": 335, "fields": {"action_time": "2020-10-25T23:54:22.017Z", "user": 1, "content_type": 13, "object_id": "2", "object_repr": "mercedes_helnwein", "action_flag": 2, "change_message": "[{\"changed\": {\"fields\": [\"Description\"]}}]"}}, {"model": "admin.logentry", "pk": 336, "fields": {"action_time": "2020-10-26T00:03:35.685Z", "user": 1, "content_type": 13, "object_id": "3", "object_repr": "chanelle_walsh", "action_flag": 2, "change_message": "[{\"changed\": {\"fields\": [\"Description\"]}}]"}}, {"model": "admin.logentry", "pk": 337, "fields": {"action_time": "2020-10-26T00:09:47.531Z", "user": 1, "content_type": 13, "object_id": "8", "object_repr": "leah_beggs", "action_flag": 2, "change_message": "[{\"changed\": {\"fields\": [\"Description\"]}}]"}}, {"model": "admin.logentry", "pk": 338, "fields": {"action_time": "2020-10-26T00:11:41.588Z", "user": 1, "content_type": 13, "object_id": "7", "object_repr": "jane_rainey", "action_flag": 2, "change_message": "[{\"changed\": {\"fields\": [\"Description\"]}}]"}}, {"model": "admin.logentry", "pk": 339, "fields": {"action_time": "2020-10-26T00:14:20.448Z", "user": 1, "content_type": 13, "object_id": "6", "object_repr": "emma_sheridan", "action_flag": 2, "change_message": "[{\"changed\": {\"fields\": [\"Description\"]}}]"}}, {"model": "admin.logentry", "pk": 340, "fields": {"action_time": "2020-10-26T00:15:03.036Z", "user": 1, "content_type": 13, "object_id": "5", "object_repr": "eileen_o'sullivan", "action_flag": 2, "change_message": "[{\"changed\": {\"fields\": [\"Description\"]}}]"}}, {"model": "admin.logentry", "pk": 341, "fields": {"action_time": "2020-10-26T00:15:54.671Z", "user": 1, "content_type": 13, "object_id": "5", "object_repr": "eileen_o'sullivan", "action_flag": 2, "change_message": "[{\"changed\": {\"fields\": [\"Description\"]}}]"}}, {"model": "admin.logentry", "pk": 342, "fields": {"action_time": "2020-10-26T00:17:46.697Z", "user": 1, "content_type": 13, "object_id": "1", "object_repr": "mollie_douthit", "action_flag": 2, "change_message": "[{\"changed\": {\"fields\": [\"Description\"]}}]"}}, {"model": "admin.logentry", "pk": 343, "fields": {"action_time": "2020-10-26T00:18:43.486Z", "user": 1, "content_type": 13, "object_id": "4", "object_repr": "chloe_early", "action_flag": 2, "change_message": "[{\"changed\": {\"fields\": [\"Description\"]}}]"}}, {"model": "admin.logentry", "pk": 344, "fields": {"action_time": "2020-10-26T00:19:30.947Z", "user": 1, "content_type": 13, "object_id": "4", "object_repr": "chloe_early", "action_flag": 2, "change_message": "[{\"changed\": {\"fields\": [\"Description\"]}}]"}}, {"model": "admin.logentry", "pk": 345, "fields": {"action_time": "2020-10-26T00:20:21.154Z", "user": 1, "content_type": 13, "object_id": "2", "object_repr": "mercedes_helnwein", "action_flag": 2, "change_message": "[{\"changed\": {\"fields\": [\"Description\"]}}]"}}, {"model": "admin.logentry", "pk": 346, "fields": {"action_time": "2020-10-27T18:36:36.666Z", "user": 1, "content_type": 13, "object_id": "1", "object_repr": "mollie_douthit", "action_flag": 2, "change_message": "[{\"changed\": {\"fields\": [\"Description\"]}}]"}}, {"model": "admin.logentry", "pk": 347, "fields": {"action_time": "2020-10-27T18:41:01.621Z", "user": 1, "content_type": 13, "object_id": "5", "object_repr": "eileen_o'sullivan", "action_flag": 2, "change_message": "[{\"changed\": {\"fields\": [\"Description\"]}}]"}}, {"model": "admin.logentry", "pk": 348, "fields": {"action_time": "2020-10-27T18:41:54.697Z", "user": 1, "content_type": 13, "object_id": "7", "object_repr": "jane_rainey", "action_flag": 2, "change_message": "[{\"changed\": {\"fields\": [\"Description\"]}}]"}}, {"model": "admin.logentry", "pk": 349, "fields": {"action_time": "2020-10-27T18:43:59.910Z", "user": 1, "content_type": 13, "object_id": "6", "object_repr": "emma_sheridan", "action_flag": 2, "change_message": "[{\"changed\": {\"fields\": [\"Description\"]}}]"}}, {"model": "admin.logentry", "pk": 350, "fields": {"action_time": "2020-10-27T18:50:48.050Z", "user": 1, "content_type": 13, "object_id": "3", "object_repr": "chanelle_walsh", "action_flag": 2, "change_message": "[{\"changed\": {\"fields\": [\"Description\", \"Image\"]}}]"}}, {"model": "admin.logentry", "pk": 351, "fields": {"action_time": "2020-10-27T21:41:46.468Z", "user": 1, "content_type": 14, "object_id": "30", "object_repr": "Miss Klein steps out", "action_flag": 2, "change_message": "[{\"changed\": {\"fields\": [\"Description\", \"Dimensions\", \"Year\"]}}]"}}, {"model": "admin.logentry", "pk": 352, "fields": {"action_time": "2020-10-27T21:42:08.353Z", "user": 1, "content_type": 14, "object_id": "33", "object_repr": "Shelby", "action_flag": 2, "change_message": "[{\"changed\": {\"fields\": [\"Description\", \"Dimensions\", \"Year\"]}}]"}}, {"model": "admin.logentry", "pk": 353, "fields": {"action_time": "2020-10-27T21:42:31.263Z", "user": 1, "content_type": 14, "object_id": "37", "object_repr": "Skeleton kid", "action_flag": 2, "change_message": "[{\"changed\": {\"fields\": [\"Description\", \"Dimensions\", \"Year\"]}}]"}}, {"model": "admin.logentry", "pk": 354, "fields": {"action_time": "2020-10-27T22:02:57.277Z", "user": 1, "content_type": 14, "object_id": "62", "object_repr": "Paragon", "action_flag": 2, "change_message": "[{\"changed\": {\"fields\": [\"Description\", \"Dimensions\", \"Year\"]}}]"}}, {"model": "admin.logentry", "pk": 355, "fields": {"action_time": "2020-10-27T22:03:30.495Z", "user": 1, "content_type": 14, "object_id": "31", "object_repr": "Segment", "action_flag": 2, "change_message": "[{\"changed\": {\"fields\": [\"Description\", \"Dimensions\", \"Year\"]}}]"}}, {"model": "admin.logentry", "pk": 356, "fields": {"action_time": "2020-10-27T22:03:58.155Z", "user": 1, "content_type": 14, "object_id": "39", "object_repr": "Roses", "action_flag": 2, "change_message": "[{\"changed\": {\"fields\": [\"Description\", \"Dimensions\", \"Year\"]}}]"}}, {"model": "admin.logentry", "pk": 357, "fields": {"action_time": "2020-10-27T22:04:14.860Z", "user": 1, "content_type": 14, "object_id": "53", "object_repr": "Ingress", "action_flag": 2, "change_message": "[{\"changed\": {\"fields\": [\"Description\", \"Dimensions\", \"Year\"]}}]"}}, {"model": "admin.logentry", "pk": 358, "fields": {"action_time": "2020-10-27T22:04:34.078Z", "user": 1, "content_type": 14, "object_id": "57", "object_repr": "Hallowed Reach", "action_flag": 2, "change_message": "[{\"changed\": {\"fields\": [\"Description\", \"Dimensions\", \"Year\"]}}]"}}, {"model": "admin.logentry", "pk": 359, "fields": {"action_time": "2020-10-27T22:04:43.824Z", "user": 1, "content_type": 14, "object_id": "62", "object_repr": "Paragon", "action_flag": 2, "change_message": "[{\"changed\": {\"fields\": [\"Description\"]}}]"}}, {"model": "admin.logentry", "pk": 360, "fields": {"action_time": "2020-10-27T22:05:24.932Z", "user": 1, "content_type": 14, "object_id": "64", "object_repr": "Spirit", "action_flag": 2, "change_message": "[{\"changed\": {\"fields\": [\"Description\", \"Dimensions\", \"Year\"]}}]"}}, {"model": "admin.logentry", "pk": 361, "fields": {"action_time": "2020-10-27T22:05:44.885Z", "user": 1, "content_type": 14, "object_id": "65", "object_repr": "Telesthesia I", "action_flag": 2, "change_message": "[{\"changed\": {\"fields\": [\"Description\", \"Dimensions\", \"Year\"]}}]"}}, {"model": "admin.logentry", "pk": 362, "fields": {"action_time": "2020-10-27T22:06:03.322Z", "user": 1, "content_type": 14, "object_id": "66", "object_repr": "Telesthesia II", "action_flag": 2, "change_message": "[{\"changed\": {\"fields\": [\"Description\", \"Dimensions\", \"Year\"]}}]"}}, {"model": "admin.logentry", "pk": 363, "fields": {"action_time": "2020-10-27T22:06:22.366Z", "user": 1, "content_type": 14, "object_id": "80", "object_repr": "Virgin", "action_flag": 2, "change_message": "[{\"changed\": {\"fields\": [\"Description\", \"Dimensions\", \"Year\"]}}]"}}, {"model": "admin.logentry", "pk": 364, "fields": {"action_time": "2020-10-27T22:07:56.672Z", "user": 1, "content_type": 14, "object_id": "108", "object_repr": "The Infinite", "action_flag": 2, "change_message": "[{\"changed\": {\"fields\": [\"Description\", \"Dimensions\", \"Year\"]}}]"}}, {"model": "admin.logentry", "pk": 365, "fields": {"action_time": "2020-10-27T22:08:16.345Z", "user": 1, "content_type": 14, "object_id": "100", "object_repr": "The Gathering", "action_flag": 2, "change_message": "[{\"changed\": {\"fields\": [\"Description\", \"Dimensions\", \"Year\"]}}]"}}, {"model": "admin.logentry", "pk": 366, "fields": {"action_time": "2020-10-27T22:08:36.452Z", "user": 1, "content_type": 14, "object_id": "2", "object_repr": "Long Haul Lullaby", "action_flag": 2, "change_message": "[{\"changed\": {\"fields\": [\"Description\", \"Dimensions\", \"Year\"]}}]"}}, {"model": "admin.logentry", "pk": 367, "fields": {"action_time": "2020-10-27T22:09:13.231Z", "user": 1, "content_type": 14, "object_id": "36", "object_repr": "Suspended 3", "action_flag": 2, "change_message": "[{\"changed\": {\"fields\": [\"Description\", \"Dimensions\", \"Year\"]}}]"}}, {"model": "admin.logentry", "pk": 368, "fields": {"action_time": "2020-10-27T22:09:42.702Z", "user": 1, "content_type": 14, "object_id": "55", "object_repr": "Suspended 4", "action_flag": 2, "change_message": "[{\"changed\": {\"fields\": [\"Description\", \"Dimensions\", \"Year\"]}}]"}}, {"model": "admin.logentry", "pk": 369, "fields": {"action_time": "2020-10-27T22:10:03.797Z", "user": 1, "content_type": 14, "object_id": "60", "object_repr": "Suspended 6", "action_flag": 2, "change_message": "[{\"changed\": {\"fields\": [\"Description\", \"Dimensions\", \"Year\"]}}]"}}, {"model": "admin.logentry", "pk": 370, "fields": {"action_time": "2020-10-27T22:10:22.194Z", "user": 1, "content_type": 14, "object_id": "60", "object_repr": "Suspended 6", "action_flag": 2, "change_message": "[{\"changed\": {\"fields\": [\"Description\"]}}]"}}, {"model": "admin.logentry", "pk": 371, "fields": {"action_time": "2020-10-27T22:10:57.409Z", "user": 1, "content_type": 14, "object_id": "87", "object_repr": "Suspended 19", "action_flag": 2, "change_message": "[{\"changed\": {\"fields\": [\"Description\", \"Dimensions\", \"Year\"]}}]"}}, {"model": "admin.logentry", "pk": 372, "fields": {"action_time": "2020-10-27T22:11:40.867Z", "user": 1, "content_type": 14, "object_id": "7", "object_repr": "Something shiny", "action_flag": 2, "change_message": "[{\"changed\": {\"fields\": [\"Description\", \"Dimensions\", \"Year\"]}}]"}}, {"model": "admin.logentry", "pk": 373, "fields": {"action_time": "2020-10-27T22:12:09.853Z", "user": 1, "content_type": 14, "object_id": "28", "object_repr": "Reverie", "action_flag": 2, "change_message": "[{\"changed\": {\"fields\": [\"Description\", \"Dimensions\", \"Year\"]}}]"}}, {"model": "admin.logentry", "pk": 374, "fields": {"action_time": "2020-10-27T22:12:30.742Z", "user": 1, "content_type": 14, "object_id": "22", "object_repr": "Queen of The Wild Frontier", "action_flag": 2, "change_message": "[{\"changed\": {\"fields\": [\"Description\", \"Dimensions\", \"Year\"]}}]"}}, {"model": "admin.logentry", "pk": 375, "fields": {"action_time": "2020-10-27T22:13:22.434Z", "user": 1, "content_type": 14, "object_id": "22", "object_repr": "Queen of The Wild Frontier", "action_flag": 2, "change_message": "[{\"changed\": {\"fields\": [\"Offer\"]}}]"}}, {"model": "admin.logentry", "pk": 376, "fields": {"action_time": "2020-10-27T22:14:04.628Z", "user": 1, "content_type": 14, "object_id": "14", "object_repr": "Used to be there", "action_flag": 2, "change_message": "[{\"changed\": {\"fields\": [\"Description\", \"Dimensions\", \"Year\"]}}]"}}, {"model": "admin.logentry", "pk": 377, "fields": {"action_time": "2020-10-27T22:14:24.557Z", "user": 1, "content_type": 14, "object_id": "15", "object_repr": "Absence of a traditional robed portrait", "action_flag": 2, "change_message": "[{\"changed\": {\"fields\": [\"Description\", \"Dimensions\", \"Year\"]}}]"}}, {"model": "admin.logentry", "pk": 378, "fields": {"action_time": "2020-10-27T22:14:58.911Z", "user": 1, "content_type": 14, "object_id": "17", "object_repr": "Fabrication", "action_flag": 2, "change_message": "[{\"changed\": {\"fields\": [\"Description\", \"Dimensions\", \"Year\"]}}]"}}, {"model": "admin.logentry", "pk": 379, "fields": {"action_time": "2020-10-27T22:15:26.824Z", "user": 1, "content_type": 14, "object_id": "34", "object_repr": "Implicit", "action_flag": 2, "change_message": "[{\"changed\": {\"fields\": [\"Description\", \"Dimensions\", \"Year\"]}}]"}}, {"model": "admin.logentry", "pk": 380, "fields": {"action_time": "2020-10-27T22:15:48.842Z", "user": 1, "content_type": 14, "object_id": "44", "object_repr": "Living with a painting", "action_flag": 2, "change_message": "[{\"changed\": {\"fields\": [\"Description\", \"Dimensions\", \"Year\"]}}]"}}, {"model": "admin.logentry", "pk": 381, "fields": {"action_time": "2020-10-27T22:16:36.128Z", "user": 1, "content_type": 14, "object_id": "51", "object_repr": "More planning than chance", "action_flag": 2, "change_message": "[{\"changed\": {\"fields\": [\"Description\", \"Dimensions\", \"Year\"]}}]"}}, {"model": "admin.logentry", "pk": 382, "fields": {"action_time": "2020-10-27T22:16:56.845Z", "user": 1, "content_type": 14, "object_id": "77", "object_repr": "Net curtains", "action_flag": 2, "change_message": "[{\"changed\": {\"fields\": [\"Description\", \"Dimensions\", \"Year\"]}}]"}}, {"model": "admin.logentry", "pk": 383, "fields": {"action_time": "2020-10-27T22:17:21.148Z", "user": 1, "content_type": 14, "object_id": "99", "object_repr": "Open", "action_flag": 2, "change_message": "[{\"changed\": {\"fields\": [\"Description\", \"Dimensions\", \"Year\"]}}]"}}, {"model": "admin.logentry", "pk": 384, "fields": {"action_time": "2020-10-27T22:18:03.600Z", "user": 1, "content_type": 14, "object_id": "122", "object_repr": "Continued from before", "action_flag": 2, "change_message": "[{\"changed\": {\"fields\": [\"Description\", \"Dimensions\", \"Year\"]}}]"}}, {"model": "admin.logentry", "pk": 385, "fields": {"action_time": "2020-10-27T22:19:01.410Z", "user": 1, "content_type": 14, "object_id": "16", "object_repr": "Dahlia", "action_flag": 2, "change_message": "[{\"changed\": {\"fields\": [\"Description\", \"Dimensions\", \"Year\"]}}]"}}, {"model": "admin.logentry", "pk": 386, "fields": {"action_time": "2020-10-27T22:19:10.663Z", "user": 1, "content_type": 14, "object_id": "1", "object_repr": "MasKlub 3", "action_flag": 2, "change_message": "[{\"changed\": {\"fields\": [\"Description\"]}}]"}}, {"model": "admin.logentry", "pk": 387, "fields": {"action_time": "2020-10-27T22:19:47.570Z", "user": 1, "content_type": 14, "object_id": "35", "object_repr": "Breath", "action_flag": 2, "change_message": "[{\"changed\": {\"fields\": [\"Description\", \"Dimensions\", \"Year\", \"Offer\"]}}]"}}, {"model": "admin.logentry", "pk": 388, "fields": {"action_time": "2020-10-27T22:20:11.964Z", "user": 1, "content_type": 14, "object_id": "56", "object_repr": "Spectre", "action_flag": 2, "change_message": "[{\"changed\": {\"fields\": [\"Description\", \"Dimensions\", \"Year\"]}}]"}}, {"model": "admin.logentry", "pk": 389, "fields": {"action_time": "2020-10-27T22:20:29.812Z", "user": 1, "content_type": 14, "object_id": "68", "object_repr": "MasKlub 2", "action_flag": 2, "change_message": "[{\"changed\": {\"fields\": [\"Description\", \"Dimensions\", \"Year\"]}}]"}}, {"model": "admin.logentry", "pk": 390, "fields": {"action_time": "2020-10-27T22:21:14.309Z", "user": 1, "content_type": 14, "object_id": "72", "object_repr": "Marigold", "action_flag": 2, "change_message": "[{\"changed\": {\"fields\": [\"Description\", \"Dimensions\", \"Year\"]}}]"}}, {"model": "admin.logentry", "pk": 391, "fields": {"action_time": "2020-10-27T22:21:36.035Z", "user": 1, "content_type": 14, "object_id": "73", "object_repr": "MasKlub 1", "action_flag": 2, "change_message": "[{\"changed\": {\"fields\": [\"Description\", \"Dimensions\", \"Year\"]}}]"}}, {"model": "admin.logentry", "pk": 392, "fields": {"action_time": "2020-10-27T22:21:53.282Z", "user": 1, "content_type": 14, "object_id": "74", "object_repr": "Sage", "action_flag": 2, "change_message": "[{\"changed\": {\"fields\": [\"Description\", \"Dimensions\", \"Year\"]}}]"}}, {"model": "admin.logentry", "pk": 393, "fields": {"action_time": "2020-10-27T22:22:13.770Z", "user": 1, "content_type": 14, "object_id": "75", "object_repr": "Ajna", "action_flag": 2, "change_message": "[{\"changed\": {\"fields\": [\"Description\", \"Dimensions\", \"Year\"]}}]"}}, {"model": "admin.logentry", "pk": 394, "fields": {"action_time": "2020-10-27T22:22:44.429Z", "user": 1, "content_type": 14, "object_id": "4", "object_repr": "Icy Moon", "action_flag": 2, "change_message": "[{\"changed\": {\"fields\": [\"Description\", \"Dimensions\", \"Year\"]}}]"}}, {"model": "admin.logentry", "pk": 395, "fields": {"action_time": "2020-10-27T22:22:59.586Z", "user": 1, "content_type": 14, "object_id": "5", "object_repr": "Impermanence", "action_flag": 2, "change_message": "[{\"changed\": {\"fields\": [\"Description\", \"Dimensions\", \"Year\"]}}]"}}, {"model": "admin.logentry", "pk": 396, "fields": {"action_time": "2020-10-27T22:23:09.466Z", "user": 1, "content_type": 14, "object_id": "4", "object_repr": "Icy Moon", "action_flag": 2, "change_message": "[]"}}, {"model": "admin.logentry", "pk": 397, "fields": {"action_time": "2020-10-27T22:23:35.596Z", "user": 1, "content_type": 14, "object_id": "8", "object_repr": "Low Lying Clouds", "action_flag": 2, "change_message": "[{\"changed\": {\"fields\": [\"Description\", \"Dimensions\", \"Year\"]}}]"}}, {"model": "admin.logentry", "pk": 398, "fields": {"action_time": "2020-10-27T22:24:02.087Z", "user": 1, "content_type": 14, "object_id": "10", "object_repr": "Sacred World", "action_flag": 2, "change_message": "[{\"changed\": {\"fields\": [\"Description\", \"Dimensions\", \"Year\"]}}]"}}, {"model": "admin.logentry", "pk": 399, "fields": {"action_time": "2020-10-27T22:24:20.232Z", "user": 1, "content_type": 14, "object_id": "20", "object_repr": "Journey", "action_flag": 2, "change_message": "[{\"changed\": {\"fields\": [\"Description\", \"Dimensions\", \"Year\"]}}]"}}, {"model": "admin.logentry", "pk": 400, "fields": {"action_time": "2020-10-27T22:24:51.670Z", "user": 1, "content_type": 14, "object_id": "21", "object_repr": "Witches Broom", "action_flag": 2, "change_message": "[{\"changed\": {\"fields\": [\"Description\", \"Dimensions\", \"Year\"]}}]"}}, {"model": "admin.logentry", "pk": 401, "fields": {"action_time": "2020-10-27T22:25:07.046Z", "user": 1, "content_type": 14, "object_id": "26", "object_repr": "Making and Unmaking", "action_flag": 2, "change_message": "[{\"changed\": {\"fields\": [\"Description\", \"Dimensions\", \"Year\"]}}]"}}, {"model": "admin.logentry", "pk": 402, "fields": {"action_time": "2020-10-27T22:25:22.818Z", "user": 1, "content_type": 14, "object_id": "27", "object_repr": "They Didn't See it Coming", "action_flag": 2, "change_message": "[{\"changed\": {\"fields\": [\"Description\", \"Dimensions\", \"Year\"]}}]"}}, {"model": "admin.logentry", "pk": 403, "fields": {"action_time": "2020-10-27T22:25:41.009Z", "user": 1, "content_type": 14, "object_id": "40", "object_repr": "Toxicity", "action_flag": 2, "change_message": "[{\"changed\": {\"fields\": [\"Description\", \"Dimensions\", \"Year\"]}}]"}}, {"model": "admin.logentry", "pk": 404, "fields": {"action_time": "2020-10-27T22:26:32.459Z", "user": 1, "content_type": 14, "object_id": "71", "object_repr": "A slow day", "action_flag": 2, "change_message": "[{\"changed\": {\"fields\": [\"Description\", \"Dimensions\", \"Year\"]}}]"}}, {"model": "admin.logentry", "pk": 405, "fields": {"action_time": "2020-10-27T22:26:47.101Z", "user": 1, "content_type": 14, "object_id": "88", "object_repr": "High Tide", "action_flag": 2, "change_message": "[{\"changed\": {\"fields\": [\"Description\", \"Dimensions\", \"Year\"]}}]"}}, {"model": "admin.logentry", "pk": 406, "fields": {"action_time": "2020-10-27T22:27:00.098Z", "user": 1, "content_type": 14, "object_id": "117", "object_repr": "Keeping time", "action_flag": 2, "change_message": "[{\"changed\": {\"fields\": [\"Description\", \"Dimensions\", \"Year\"]}}]"}}, {"model": "admin.logentry", "pk": 407, "fields": {"action_time": "2020-10-27T22:27:24.899Z", "user": 1, "content_type": 14, "object_id": "128", "object_repr": "Rosy retrospection", "action_flag": 2, "change_message": "[{\"changed\": {\"fields\": [\"Description\", \"Dimensions\", \"Year\"]}}]"}}, {"model": "admin.logentry", "pk": 408, "fields": {"action_time": "2020-10-27T22:27:42.265Z", "user": 1, "content_type": 14, "object_id": "129", "object_repr": "Same place", "action_flag": 2, "change_message": "[{\"changed\": {\"fields\": [\"Description\", \"Dimensions\", \"Year\"]}}]"}}, {"model": "admin.logentry", "pk": 409, "fields": {"action_time": "2020-10-27T22:28:37.019Z", "user": 1, "content_type": 14, "object_id": "137", "object_repr": "Things are looking up", "action_flag": 2, "change_message": "[{\"changed\": {\"fields\": [\"Description\", \"Dimensions\", \"Year\"]}}]"}}, {"model": "admin.logentry", "pk": 410, "fields": {"action_time": "2020-10-27T22:28:55.376Z", "user": 1, "content_type": 14, "object_id": "158", "object_repr": "Vanishing light", "action_flag": 2, "change_message": "[{\"changed\": {\"fields\": [\"Description\", \"Dimensions\", \"Year\"]}}]"}}, {"model": "admin.logentry", "pk": 411, "fields": {"action_time": "2020-10-27T22:29:08.105Z", "user": 1, "content_type": 14, "object_id": "161", "object_repr": "Where there's smoke", "action_flag": 2, "change_message": "[{\"changed\": {\"fields\": [\"Description\", \"Dimensions\", \"Year\"]}}]"}}, {"model": "admin.logentry", "pk": 412, "fields": {"action_time": "2020-10-27T22:29:24.719Z", "user": 1, "content_type": 14, "object_id": "162", "object_repr": "You wouldn't", "action_flag": 2, "change_message": "[{\"changed\": {\"fields\": [\"Description\", \"Dimensions\", \"Year\"]}}]"}}, {"model": "admin.logentry", "pk": 413, "fields": {"action_time": "2020-10-27T22:49:53.722Z", "user": 1, "content_type": 13, "object_id": "3", "object_repr": "chanelle_walsh", "action_flag": 2, "change_message": "[{\"changed\": {\"fields\": [\"Description\"]}}]"}}, {"model": "admin.logentry", "pk": 414, "fields": {"action_time": "2020-10-30T11:26:47.958Z", "user": 1, "content_type": 8, "object_id": "1", "object_repr": "leedavidmartina@gmail.com", "action_flag": 2, "change_message": "[{\"changed\": {\"fields\": [\"Primary\"]}}]"}}, {"model": "admin.logentry", "pk": 415, "fields": {"action_time": "2020-10-30T11:27:14.911Z", "user": 1, "content_type": 8, "object_id": "2", "object_repr": "lmartina@tcd.ie", "action_flag": 2, "change_message": "[{\"changed\": {\"fields\": [\"Primary\"]}}]"}}, {"model": "admin.logentry", "pk": 416, "fields": {"action_time": "2020-10-30T12:50:02.470Z", "user": 1, "content_type": 8, "object_id": "2", "object_repr": "lmartina@tcd.ie", "action_flag": 3, "change_message": ""}}, {"model": "admin.logentry", "pk": 417, "fields": {"action_time": "2020-10-30T12:50:26.100Z", "user": 1, "content_type": 8, "object_id": "3", "object_repr": "jelletgallery@gmail.com", "action_flag": 2, "change_message": "[{\"changed\": {\"fields\": [\"User\", \"Verified\"]}}]"}}, {"model": "admin.logentry", "pk": 418, "fields": {"action_time": "2020-10-30T12:50:40.057Z", "user": 1, "content_type": 8, "object_id": "1", "object_repr": "leedavidmartina@gmail.com", "action_flag": 2, "change_message": "[{\"changed\": {\"fields\": [\"User\"]}}]"}}, {"model": "admin.logentry", "pk": 419, "fields": {"action_time": "2020-10-30T12:51:46.664Z", "user": 1, "content_type": 4, "object_id": "3", "object_repr": "Jellett", "action_flag": 2, "change_message": "[{\"changed\": {\"fields\": [\"Staff status\", \"Superuser status\"]}}]"}}, {"model": "admin.logentry", "pk": 420, "fields": {"action_time": "2020-10-30T12:52:48.661Z", "user": 1, "content_type": 4, "object_id": "2", "object_repr": "Testing", "action_flag": 3, "change_message": ""}}, {"model": "admin.logentry", "pk": 421, "fields": {"action_time": "2020-10-30T12:55:56.904Z", "user": 1, "content_type": 4, "object_id": "5", "object_repr": "Billy", "action_flag": 3, "change_message": ""}}, {"model": "admin.logentry", "pk": 422, "fields": {"action_time": "2020-10-30T12:56:16.818Z", "user": 1, "content_type": 4, "object_id": "4", "object_repr": "Testing", "action_flag": 3, "change_message": ""}}, {"model": "admin.logentry", "pk": 423, "fields": {"action_time": "2020-10-30T13:06:19.774Z", "user": 1, "content_type": 14, "object_id": "175", "object_repr": "123", "action_flag": 3, "change_message": ""}}, {"model": "admin.logentry", "pk": 424, "fields": {"action_time": "2020-10-30T15:40:02.433Z", "user": 1, "content_type": 13, "object_id": "1", "object_repr": "chanelle_walsh", "action_flag": 2, "change_message": "[{\"changed\": {\"fields\": [\"Name\", \"Friendly name\", \"Image\"]}}]"}}, {"model": "admin.logentry", "pk": 425, "fields": {"action_time": "2020-10-30T15:40:28.864Z", "user": 1, "content_type": 13, "object_id": "1", "object_repr": "chanelle_walshe", "action_flag": 2, "change_message": "[{\"changed\": {\"fields\": [\"Name\", \"Friendly name\"]}}]"}}, {"model": "admin.logentry", "pk": 426, "fields": {"action_time": "2020-10-30T15:46:05.057Z", "user": 1, "content_type": 13, "object_id": "1", "object_repr": "mollie_douthit", "action_flag": 2, "change_message": "[{\"changed\": {\"fields\": [\"Name\", \"Friendly name\", \"Image\"]}}]"}}, {"model": "admin.logentry", "pk": 427, "fields": {"action_time": "2020-10-30T15:46:53.156Z", "user": 1, "content_type": 13, "object_id": "2", "object_repr": "mercedes_helnwein", "action_flag": 2, "change_message": "[{\"changed\": {\"fields\": [\"Name\", \"Friendly name\", \"Image\"]}}]"}}, {"model": "admin.logentry", "pk": 428, "fields": {"action_time": "2020-10-30T15:47:29.899Z", "user": 1, "content_type": 13, "object_id": "3", "object_repr": "chanelle_walshe", "action_flag": 2, "change_message": "[{\"changed\": {\"fields\": [\"Name\", \"Friendly name\", \"Image\"]}}]"}}, {"model": "admin.logentry", "pk": 429, "fields": {"action_time": "2020-10-30T15:48:02.241Z", "user": 1, "content_type": 13, "object_id": "4", "object_repr": "chloe_early", "action_flag": 2, "change_message": "[{\"changed\": {\"fields\": [\"Name\", \"Friendly name\", \"Image\"]}}]"}}, {"model": "admin.logentry", "pk": 430, "fields": {"action_time": "2020-10-30T15:48:39.159Z", "user": 1, "content_type": 13, "object_id": "3", "object_repr": "chanelle_walshe", "action_flag": 2, "change_message": "[{\"changed\": {\"fields\": [\"Description\"]}}]"}}, {"model": "admin.logentry", "pk": 431, "fields": {"action_time": "2020-10-30T15:50:14.494Z", "user": 1, "content_type": 13, "object_id": "5", "object_repr": "eileen_o'sullivan", "action_flag": 2, "change_message": "[{\"changed\": {\"fields\": [\"Name\", \"Friendly name\", \"Image\"]}}]"}}, {"model": "admin.logentry", "pk": 432, "fields": {"action_time": "2020-10-30T15:50:37.722Z", "user": 1, "content_type": 13, "object_id": "6", "object_repr": "emma_sheridan", "action_flag": 2, "change_message": "[{\"changed\": {\"fields\": [\"Name\", \"Friendly name\", \"Image\"]}}]"}}, {"model": "admin.logentry", "pk": 433, "fields": {"action_time": "2020-10-30T15:51:05.704Z", "user": 1, "content_type": 13, "object_id": "7", "object_repr": "jane_rainey", "action_flag": 2, "change_message": "[{\"changed\": {\"fields\": [\"Name\", \"Friendly name\", \"Image\"]}}]"}}, {"model": "admin.logentry", "pk": 434, "fields": {"action_time": "2020-10-30T15:51:28.672Z", "user": 1, "content_type": 13, "object_id": "8", "object_repr": "leah_beggs", "action_flag": 2, "change_message": "[{\"changed\": {\"fields\": [\"Name\", \"Friendly name\", \"Image\"]}}]"}}, {"model": "admin.logentry", "pk": 435, "fields": {"action_time": "2020-10-30T15:51:56.573Z", "user": 1, "content_type": 13, "object_id": "9", "object_repr": "lola_donoghue", "action_flag": 2, "change_message": "[{\"changed\": {\"fields\": [\"Name\", \"Friendly name\", \"Image\"]}}]"}}, {"model": "admin.logentry", "pk": 436, "fields": {"action_time": "2020-10-30T16:28:01.100Z", "user": 1, "content_type": 13, "object_id": "3", "object_repr": "chanelle_walshe", "action_flag": 2, "change_message": "[]"}}, {"model": "admin.logentry", "pk": 437, "fields": {"action_time": "2020-10-30T18:55:11.723Z", "user": 1, "content_type": 13, "object_id": "9", "object_repr": "lola_donoghue", "action_flag": 2, "change_message": "[{\"changed\": {\"fields\": [\"Description\"]}}]"}}, {"model": "admin.logentry", "pk": 438, "fields": {"action_time": "2020-10-30T18:56:45.308Z", "user": 1, "content_type": 13, "object_id": "9", "object_repr": "lola_donoghue", "action_flag": 2, "change_message": "[{\"changed\": {\"fields\": [\"Description\"]}}]"}}, {"model": "admin.logentry", "pk": 439, "fields": {"action_time": "2020-10-30T19:00:38.088Z", "user": 1, "content_type": 13, "object_id": "8", "object_repr": "leah_beggs", "action_flag": 2, "change_message": "[{\"changed\": {\"fields\": [\"Description\"]}}]"}}, {"model": "admin.logentry", "pk": 440, "fields": {"action_time": "2020-10-30T19:05:38.851Z", "user": 1, "content_type": 13, "object_id": "7", "object_repr": "jane_rainey", "action_flag": 2, "change_message": "[{\"changed\": {\"fields\": [\"Description\"]}}]"}}, {"model": "admin.logentry", "pk": 441, "fields": {"action_time": "2020-10-30T21:12:03.739Z", "user": 1, "content_type": 13, "object_id": "9", "object_repr": "lola_donoghue", "action_flag": 2, "change_message": "[]"}}, {"model": "admin.logentry", "pk": 442, "fields": {"action_time": "2020-10-30T21:12:27.071Z", "user": 1, "content_type": 13, "object_id": "8", "object_repr": "leah_beggs", "action_flag": 2, "change_message": "[{\"changed\": {\"fields\": [\"Description\"]}}]"}}, {"model": "admin.logentry", "pk": 443, "fields": {"action_time": "2020-10-30T21:12:35.932Z", "user": 1, "content_type": 13, "object_id": "7", "object_repr": "jane_rainey", "action_flag": 2, "change_message": "[]"}}, {"model": "admin.logentry", "pk": 444, "fields": {"action_time": "2020-10-30T21:13:06.392Z", "user": 1, "content_type": 13, "object_id": "6", "object_repr": "emma_sheridan", "action_flag": 2, "change_message": "[{\"changed\": {\"fields\": [\"Description\"]}}]"}}, {"model": "admin.logentry", "pk": 445, "fields": {"action_time": "2020-10-30T21:13:39.137Z", "user": 1, "content_type": 13, "object_id": "5", "object_repr": "eileen_o'sullivan", "action_flag": 2, "change_message": "[{\"changed\": {\"fields\": [\"Description\"]}}]"}}, {"model": "admin.logentry", "pk": 446, "fields": {"action_time": "2020-10-30T21:14:50.303Z", "user": 1, "content_type": 13, "object_id": "4", "object_repr": "chloe_early", "action_flag": 2, "change_message": "[{\"changed\": {\"fields\": [\"Description\"]}}]"}}, {"model": "admin.logentry", "pk": 447, "fields": {"action_time": "2020-10-30T21:15:13.055Z", "user": 1, "content_type": 13, "object_id": "2", "object_repr": "mercedes_helnwein", "action_flag": 2, "change_message": "[{\"changed\": {\"fields\": [\"Description\"]}}]"}}, {"model": "admin.logentry", "pk": 448, "fields": {"action_time": "2020-10-30T21:15:29.145Z", "user": 1, "content_type": 13, "object_id": "1", "object_repr": "mollie_douthit", "action_flag": 2, "change_message": "[{\"changed\": {\"fields\": [\"Description\"]}}]"}}, {"model": "auth.permission", "pk": 1, "fields": {"name": "Can add log entry", "content_type": 1, "codename": "add_logentry"}}, {"model": "auth.permission", "pk": 2, "fields": {"name": "Can change log entry", "content_type": 1, "codename": "change_logentry"}}, {"model": "auth.permission", "pk": 3, "fields": {"name": "Can delete log entry", "content_type": 1, "codename": "delete_logentry"}}, {"model": "auth.permission", "pk": 4, "fields": {"name": "Can view log entry", "content_type": 1, "codename": "view_logentry"}}, {"model": "auth.permission", "pk": 5, "fields": {"name": "Can add permission", "content_type": 2, "codename": "add_permission"}}, {"model": "auth.permission", "pk": 6, "fields": {"name": "Can change permission", "content_type": 2, "codename": "change_permission"}}, {"model": "auth.permission", "pk": 7, "fields": {"name": "Can delete permission", "content_type": 2, "codename": "delete_permission"}}, {"model": "auth.permission", "pk": 8, "fields": {"name": "Can view permission", "content_type": 2, "codename": "view_permission"}}, {"model": "auth.permission", "pk": 9, "fields": {"name": "Can add group", "content_type": 3, "codename": "add_group"}}, {"model": "auth.permission", "pk": 10, "fields": {"name": "Can change group", "content_type": 3, "codename": "change_group"}}, {"model": "auth.permission", "pk": 11, "fields": {"name": "Can delete group", "content_type": 3, "codename": "delete_group"}}, {"model": "auth.permission", "pk": 12, "fields": {"name": "Can view group", "content_type": 3, "codename": "view_group"}}, {"model": "auth.permission", "pk": 13, "fields": {"name": "Can add user", "content_type": 4, "codename": "add_user"}}, {"model": "auth.permission", "pk": 14, "fields": {"name": "Can change user", "content_type": 4, "codename": "change_user"}}, {"model": "auth.permission", "pk": 15, "fields": {"name": "Can delete user", "content_type": 4, "codename": "delete_user"}}, {"model": "auth.permission", "pk": 16, "fields": {"name": "Can view user", "content_type": 4, "codename": "view_user"}}, {"model": "auth.permission", "pk": 17, "fields": {"name": "Can add content type", "content_type": 5, "codename": "add_contenttype"}}, {"model": "auth.permission", "pk": 18, "fields": {"name": "Can change content type", "content_type": 5, "codename": "change_contenttype"}}, {"model": "auth.permission", "pk": 19, "fields": {"name": "Can delete content type", "content_type": 5, "codename": "delete_contenttype"}}, {"model": "auth.permission", "pk": 20, "fields": {"name": "Can view content type", "content_type": 5, "codename": "view_contenttype"}}, {"model": "auth.permission", "pk": 21, "fields": {"name": "Can add session", "content_type": 6, "codename": "add_session"}}, {"model": "auth.permission", "pk": 22, "fields": {"name": "Can change session", "content_type": 6, "codename": "change_session"}}, {"model": "auth.permission", "pk": 23, "fields": {"name": "Can delete session", "content_type": 6, "codename": "delete_session"}}, {"model": "auth.permission", "pk": 24, "fields": {"name": "Can view session", "content_type": 6, "codename": "view_session"}}, {"model": "auth.permission", "pk": 25, "fields": {"name": "Can add site", "content_type": 7, "codename": "add_site"}}, {"model": "auth.permission", "pk": 26, "fields": {"name": "Can change site", "content_type": 7, "codename": "change_site"}}, {"model": "auth.permission", "pk": 27, "fields": {"name": "Can delete site", "content_type": 7, "codename": "delete_site"}}, {"model": "auth.permission", "pk": 28, "fields": {"name": "Can view site", "content_type": 7, "codename": "view_site"}}, {"model": "auth.permission", "pk": 29, "fields": {"name": "Can add email address", "content_type": 8, "codename": "add_emailaddress"}}, {"model": "auth.permission", "pk": 30, "fields": {"name": "Can change email address", "content_type": 8, "codename": "change_emailaddress"}}, {"model": "auth.permission", "pk": 31, "fields": {"name": "Can delete email address", "content_type": 8, "codename": "delete_emailaddress"}}, {"model": "auth.permission", "pk": 32, "fields": {"name": "Can view email address", "content_type": 8, "codename": "view_emailaddress"}}, {"model": "auth.permission", "pk": 33, "fields": {"name": "Can add email confirmation", "content_type": 9, "codename": "add_emailconfirmation"}}, {"model": "auth.permission", "pk": 34, "fields": {"name": "Can change email confirmation", "content_type": 9, "codename": "change_emailconfirmation"}}, {"model": "auth.permission", "pk": 35, "fields": {"name": "Can delete email confirmation", "content_type": 9, "codename": "delete_emailconfirmation"}}, {"model": "auth.permission", "pk": 36, "fields": {"name": "Can view email confirmation", "content_type": 9, "codename": "view_emailconfirmation"}}, {"model": "auth.permission", "pk": 37, "fields": {"name": "Can add social account", "content_type": 10, "codename": "add_socialaccount"}}, {"model": "auth.permission", "pk": 38, "fields": {"name": "Can change social account", "content_type": 10, "codename": "change_socialaccount"}}, {"model": "auth.permission", "pk": 39, "fields": {"name": "Can delete social account", "content_type": 10, "codename": "delete_socialaccount"}}, {"model": "auth.permission", "pk": 40, "fields": {"name": "Can view social account", "content_type": 10, "codename": "view_socialaccount"}}, {"model": "auth.permission", "pk": 41, "fields": {"name": "Can add social application", "content_type": 11, "codename": "add_socialapp"}}, {"model": "auth.permission", "pk": 42, "fields": {"name": "Can change social application", "content_type": 11, "codename": "change_socialapp"}}, {"model": "auth.permission", "pk": 43, "fields": {"name": "Can delete social application", "content_type": 11, "codename": "delete_socialapp"}}, {"model": "auth.permission", "pk": 44, "fields": {"name": "Can view social application", "content_type": 11, "codename": "view_socialapp"}}, {"model": "auth.permission", "pk": 45, "fields": {"name": "Can add social application token", "content_type": 12, "codename": "add_socialtoken"}}, {"model": "auth.permission", "pk": 46, "fields": {"name": "Can change social application token", "content_type": 12, "codename": "change_socialtoken"}}, {"model": "auth.permission", "pk": 47, "fields": {"name": "Can delete social application token", "content_type": 12, "codename": "delete_socialtoken"}}, {"model": "auth.permission", "pk": 48, "fields": {"name": "Can view social application token", "content_type": 12, "codename": "view_socialtoken"}}, {"model": "auth.permission", "pk": 49, "fields": {"name": "Can add category", "content_type": 13, "codename": "add_category"}}, {"model": "auth.permission", "pk": 50, "fields": {"name": "Can change category", "content_type": 13, "codename": "change_category"}}, {"model": "auth.permission", "pk": 51, "fields": {"name": "Can delete category", "content_type": 13, "codename": "delete_category"}}, {"model": "auth.permission", "pk": 52, "fields": {"name": "Can view category", "content_type": 13, "codename": "view_category"}}, {"model": "auth.permission", "pk": 53, "fields": {"name": "Can add product", "content_type": 14, "codename": "add_product"}}, {"model": "auth.permission", "pk": 54, "fields": {"name": "Can change product", "content_type": 14, "codename": "change_product"}}, {"model": "auth.permission", "pk": 55, "fields": {"name": "Can delete product", "content_type": 14, "codename": "delete_product"}}, {"model": "auth.permission", "pk": 56, "fields": {"name": "Can view product", "content_type": 14, "codename": "view_product"}}, {"model": "auth.permission", "pk": 57, "fields": {"name": "Can add order", "content_type": 15, "codename": "add_order"}}, {"model": "auth.permission", "pk": 58, "fields": {"name": "Can change order", "content_type": 15, "codename": "change_order"}}, {"model": "auth.permission", "pk": 59, "fields": {"name": "Can delete order", "content_type": 15, "codename": "delete_order"}}, {"model": "auth.permission", "pk": 60, "fields": {"name": "Can view order", "content_type": 15, "codename": "view_order"}}, {"model": "auth.permission", "pk": 61, "fields": {"name": "Can add order line item", "content_type": 16, "codename": "add_orderlineitem"}}, {"model": "auth.permission", "pk": 62, "fields": {"name": "Can change order line item", "content_type": 16, "codename": "change_orderlineitem"}}, {"model": "auth.permission", "pk": 63, "fields": {"name": "Can delete order line item", "content_type": 16, "codename": "delete_orderlineitem"}}, {"model": "auth.permission", "pk": 64, "fields": {"name": "Can view order line item", "content_type": 16, "codename": "view_orderlineitem"}}, {"model": "auth.permission", "pk": 65, "fields": {"name": "Can add user profile", "content_type": 17, "codename": "add_userprofile"}}, {"model": "auth.permission", "pk": 66, "fields": {"name": "Can change user profile", "content_type": 17, "codename": "change_userprofile"}}, {"model": "auth.permission", "pk": 67, "fields": {"name": "Can delete user profile", "content_type": 17, "codename": "delete_userprofile"}}, {"model": "auth.permission", "pk": 68, "fields": {"name": "Can view user profile", "content_type": 17, "codename": "view_userprofile"}}, {"model": "auth.user", "pk": 1, "fields": {"password": "pbkdf2_sha256$216000$ZwqTOevcWiDM$OUekMU4T4Ys49d7T4lXEJnYwcFDEykfcd4QBcSZ2p6I=", "last_login": "2020-10-30T21:11:04.000Z", "is_superuser": true, "username": "LeeDavid", "first_name": "", "last_name": "", "email": "leedavidmartina@gmail.com", "is_staff": true, "is_active": true, "date_joined": "2020-10-09T13:46:25Z", "groups": [], "user_permissions": []}}, {"model": "auth.user", "pk": 3, "fields": {"password": "pbkdf2_sha256$216000$pXhtjmKiMHAX$54H1KwTXleDSwGvEKxPaZywMp4/vKmLFvHB1Ln4l8zA=", "last_login": null, "is_superuser": true, "username": "Jellett", "first_name": "", "last_name": "", "email": "jelletgallery@gmail.com", "is_staff": true, "is_active": true, "date_joined": "2020-10-30T12:48:41Z", "groups": [], "user_permissions": []}}, {"model": "auth.user", "pk": 6, "fields": {"password": "pbkdf2_sha256$216000$3ymA9pyMY7YB$YR9qMR5f0fVYxcmlKlaVikfF7W4+aPWX1hATof2u4BY=", "last_login": null, "is_superuser": false, "username": "Tommy", "first_name": "", "last_name": "", "email": "isntbilly@gmail.com", "is_staff": false, "is_active": true, "date_joined": "2020-10-30T12:58:09.898Z", "groups": [], "user_permissions": []}}, {"model": "auth.user", "pk": 7, "fields": {"password": "pbkdf2_sha256$216000$4gjJbqv0Q0rY$YIpVmlx4eld5LhHEfZgpeb7VuZMpuP8UrGqHcDP8DL4=", "last_login": null, "is_superuser": true, "username": "testing", "first_name": "", "last_name": "", "email": "jellettgallery@gmail.com", "is_staff": true, "is_active": true, "date_joined": "2020-10-30T18:29:52.508Z", "groups": [], "user_permissions": []}}, {"model": "contenttypes.contenttype", "pk": 1, "fields": {"app_label": "admin", "model": "logentry"}}, {"model": "contenttypes.contenttype", "pk": 2, "fields": {"app_label": "auth", "model": "permission"}}, {"model": "contenttypes.contenttype", "pk": 3, "fields": {"app_label": "auth", "model": "group"}}, {"model": "contenttypes.contenttype", "pk": 4, "fields": {"app_label": "auth", "model": "user"}}, {"model": "contenttypes.contenttype", "pk": 5, "fields": {"app_label": "contenttypes", "model": "contenttype"}}, {"model": "contenttypes.contenttype", "pk": 6, "fields": {"app_label": "sessions", "model": "session"}}, {"model": "contenttypes.contenttype", "pk": 7, "fields": {"app_label": "sites", "model": "site"}}, {"model": "contenttypes.contenttype", "pk": 8, "fields": {"app_label": "account", "model": "emailaddress"}}, {"model": "contenttypes.contenttype", "pk": 9, "fields": {"app_label": "account", "model": "emailconfirmation"}}, {"model": "contenttypes.contenttype", "pk": 10, "fields": {"app_label": "socialaccount", "model": "socialaccount"}}, {"model": "contenttypes.contenttype", "pk": 11, "fields": {"app_label": "socialaccount", "model": "socialapp"}}, {"model": "contenttypes.contenttype", "pk": 12, "fields": {"app_label": "socialaccount", "model": "socialtoken"}}, {"model": "contenttypes.contenttype", "pk": 13, "fields": {"app_label": "products", "model": "category"}}, {"model": "contenttypes.contenttype", "pk": 14, "fields": {"app_label": "products", "model": "product"}}, {"model": "contenttypes.contenttype", "pk": 15, "fields": {"app_label": "checkout", "model": "order"}}, {"model": "contenttypes.contenttype", "pk": 16, "fields": {"app_label": "checkout", "model": "orderlineitem"}}, {"model": "contenttypes.contenttype", "pk": 17, "fields": {"app_label": "profiles", "model": "userprofile"}}, {"model": "sessions.session", "pk": "334k2jbqxm2e2a12h9o0ttq991tvucdp", "fields": {"session_data": ".eJxVjEsOwjAMBe_iNarox23Jkj1niOzYpgGUoAYQCPXuFIkN25l57w2FHupjsgzO6FJ0A0xHcG_owNXLBnzRUmJOXp_XOL_AbVdG99vk70VnHwUc1PDHmMJZ01fIidIxVyGn2xy5-ibVz5bqkEUv-1_7dzBRmdZ1OwxoQZpRWNAMtzsJIjqSWNMzEiL2LKGjwH2Lo3HLQ4ON1YY4tDuF5QOKHEpf:1kVew1:gjofk3dMYMDTsG6MCujuPdbNX48vb5kJ3r4R1rAAGxY", "expire_date": "2020-11-05T18:03:33.537Z"}}, {"model": "sessions.session", "pk": "7nvkaueldzhsp92bgvndt7acqg6hceps", "fields": {"session_data": ".eJxVjEEOwiAQRe_C2hALDlCX7j0DmWEYqRpISrsy3l2bdKHb_977LxVxXUpce57jxOqsBnX43QjTI9cN8B3rrenU6jJPpDdF77Tra-P8vOzu30HBXr619R4ksQlMDCJwHDkx54AsxhEgADjidMJEzkIQsuQNGBkEwNsxq_cHGqs5BA:1kYZiV:HtHvn-l_ycic7v8ag30IyRpAFL-BQRtirphZcmNEj4U", "expire_date": "2020-11-13T19:05:39.372Z"}}, {"model": "sessions.session", "pk": "dccp1wmphsuooluvkg5i20t8x6y7ooy1", "fields": {"session_data": ".eJxVjEEOwiAQRe_C2hALDlCX7j0DmWEYqRpISrsy3l2bdKHb_977LxVxXUpce57jxOqsBnX43QjTI9cN8B3rrenU6jJPpDdF77Tra-P8vOzu30HBXr619R4ksQlMDCJwHDkx54AsxhEgADjidMJEzkIQsuQNGBkEwNsxq_cHGqs5BA:1kYbk9:wQ1uIs5FhXFKz2GRgbHvuJbQu3YAnC-nGeBgfgYSNGc", "expire_date": "2020-11-13T21:15:29.427Z"}}, {"model": "sites.site", "pk": 1, "fields": {"domain": "example.com", "name": "example.com"}}, {"model": "account.emailaddress", "pk": 3, "fields": {"user": 1, "email": "jelletgallery@gmail.com", "verified": true, "primary": true}}, {"model": "account.emailaddress", "pk": 6, "fields": {"user": 6, "email": "isntbilly@gmail.com", "verified": false, "primary": true}}, {"model": "products.category", "pk": 1, "fields": {"name": "mollie_douthit", "friendly_name": "Mollie Douthit", "description": "Catherine Marshall has written of Douthit that she shows extraordinary maturity for a very young artist. Her subjects would be comic, were they not painted with such seriousness and such careful study Douthits wonderful little canvases ask us simply to look at them.  (The Irish Arts Review, Winter, 2014)\r\n\r\nAlthough technically more challenging, Douthit likes to work wet on wet, enjoying the fluidity of the process. Historically, she places her work in the tradition of 18th century still life painters such as Jean-Baptiste-Simon Chardin and his depictions of everyday objects. She is also drawn to the even-toned understatement found in the work of Giorgio Morandi and Gwen John These painters allow paint to speak for itself, for the subject and for a moment in time, she says. With their own language, they each extend something beyond the surface of a painting.\r\n\r\nBorn in the US, Douthit studied at the University of North Dakota and at the School of the Museum of Fine Arts in Boston. She completed her MFA at the Burren College of Art in 2014. Douthit won the Hennessy Craig Award at the 2013 RHA Annual Exhibition and an Elizabeth Greenshields Foundation Award in 2019.", "image_url": null, "image": "mollie_douthit_portrait_XF7DKkf.png"}}, {"model": "products.category", "pk": 2, "fields": {"name": "mercedes_helnwein", "friendly_name": "Mercedes Helnwein", "description": "Mercedes Helnwein was born in Vienna, daughter to renowned painter and art provocateur Gottfried Helnwein. She later moved to Ireland with her family, where she spent her teens drawing, writing and absorbing influences, which range from the Southern Gothic to the cartoons of Robert Crumb; from Nineteenth Century Russian literature to American motel culture and the Delta blues. The result is a style distinctly her own  unsettling, direct and quietly humorous. \r\n\r\nIn 2003, she added Los Angeles as a second home. Teaming up with friend and photographer Alex Prager, Mercedes Helnwein began exhibiting her art regularly around L.A. in unorthodox one-night shows. Her intricate pencil drawings of weird goings-on soon began to attract a strong following, making her a vital presence the L.A. art scene. She followed these shows with solo outings in Berlin, London and twice at The Molesworth Gallery in Dublin. Mercedes Helnwein currently divides her time between downtown Los Angeles and Ireland. Her work is in many important international collections, while her most recent exhibition in London was bought out in its entirety by Damien Hirst, who is amassing one of the UK's most important collections of contemporary art.", "image_url": null, "image": "mercedes_helnwein_herself_wHXBRec.jpg"}}, {"model": "products.category", "pk": 3, "fields": {"name": "chanelle_walshe", "friendly_name": "Chanelle Walshe", "description": "Chanelle Walshes paintings reflect her interest in organs, flesh, soil, divine intelligence and the healing process. Currently her work in progress is focused on the human brain. Walshes paintings give room for speculation as the forms correlate between presence and absence, aliveness and decay.\r\n\r\nShe sees the inner workings of land and body as an interconnected universe. They are offered up like a gift or a sacrifice. Drawing upon a mix of influences such as abstract expressionism, bog-bodies and the aesthetics of museum display, her works harbour traditional categorizations of life and death and formal renderings of objects, yet they have a contemporary sensibility. Her paintings are both unsettling and compelling.\r\n\r\nChanelle Walshe graduated from The National College of Art and Design, Dublin, Ireland in 2010. Recent exhibitions include Beatland, Pallas Projects, Dublin 2017 (solo), Nerve and Sinew, Custom House Gallery, Westport 2017 (2 person), A Knowing Nature, The Dock, Carrick-on-Shannon 2016, Panorama, curated by Kathy Tynan and Chanelle Walshe, Pallas Projects, Dublin, 2015 and Not Life Necessarily, NCAD Gallery, Dublin, 2014 (2 person). Walshe is a recipient of The Thomas Dammann Award 2015 and completed a studio residency at The Royal Hibernian Academy, Dublin in 2015.", "image_url": null, "image": "Chanelle_walshe_herself_9dLKGUa.jpg"}}, {"model": "products.category", "pk": 4, "fields": {"name": "chloe_early", "friendly_name": "Chloe Early", "description": "Chloe Early (born 1980) grew up in Cork, Ireland. She graduated from NCAD in 2003 in those years she gained a very strict appreciation for the history of Western painting, seamlessly merging figuration and abstraction.\r\n\r\nDrawn from these  historical sources, Earlys meticulously rendered figures evoke both Romantic and Renaissance paintings in their allegorical functions, suggesting pleasure or pain, agony or ecstasy. The tropes draw from historical work plays a clear role in her series \"Suspended,\" partly inspired by Gian Lorenzo Berninis sculpture, The Ecstasy of Saint Theresa.\r\n\r\nIve always been interested in opposites in my work and exploring themes which can have a dual interpretation, Early has said. She paints bodies among clusters of images such as planes, birds, and carnival rides, yet the representational elements of her paintings dissolve into painterly swaths of colours, dripped and scraped across the compositions. Each painting, often comprised of oil on aluminum, offers a lush and luminous play with light. \r\n\r\nThe music video for the song Iris (Hold Me Close) by U2 exhibits a coming of age story by Early. The artist contrasts concrete urbanism with lush landscapes, drawing from her childhood in Ireland and her impending motherhood.", "image_url": null, "image": "ChloeEarlyPortrait_NMY98IH.jpg"}}, {"model": "products.category", "pk": 5, "fields": {"name": "eileen_o'sullivan", "friendly_name": "Eileen O'Sullivan", "description": "Graduating from the National College of Art and Design (NCAD) a mere three years ago, she has won quite a number of awards and has been described by RTE as one of the 10 most notable Irish painters under the age of 30. Her recent work, with its bold palette and scenes of comfort, is defined by a sense of fun. \r\n\r\nThese paintings, like so many others within the collection, have the unmistakable mark of family, maternity and femininity. OSullivan, on considering a picture taken with her mother and sister, its one thing trying to push an image across, but Id like my work to have a feminist underpinning to it. Id love if my work captured that energy.\r\n\r\nThe outlandish, wild colours that are characteristic of OSullivans pieces are used to depict private, everyday moments. OSullivan said that she began work for this exhibition with The idea that each painting had to have a table in it to find a level of comfort and togetherness. The finished paintings do not all contain images of tables, but a sense of almost familial togetherness runs through each piece, tying the exhibition together seamlessly.", "image_url": null, "image": "EileenPotrait_SxX5zXY.jpg"}}, {"model": "products.category", "pk": 6, "fields": {"name": "emma_sheridan", "friendly_name": "Emma Sheridan", "description": "Emma Sheridan graduated from Fashion Design at NCAD in 2003, and then was working as a designer for high street marques mainly in tailoring. \r\n\r\nHowever, the detour into illustration/painting are proven fascinating. Over the years Ive learned different styles and played around, which has led to the way that I like to draw now, which is quick and the less I think about it the better. I would describe it as fast and very free, with a lot of scribbles. I dont always know what its going to look like when I start, I like it to almost look unfinished, they seem to be the most successful ones.\r\n\r\nI appreciate working with pen-ink , to be playful with it. I think with the ink that I like, you get a nave feel, as though youre colouring-in when youre young. Theres something so youthful about them. I really like the lines you get with pen and the great colour you get really quickly and really easily. The watercolours I really like using as well, you get a nice pretty effect. It can really depend on my mood on the day, different colours and to what effect I use them.", "image_url": null, "image": "Emma_Sheridan_herself_BLZatxX.jpg"}}, {"model": "products.category", "pk": 7, "fields": {"name": "jane_rainey", "friendly_name": "Jane Rainey", "description": "Blurring the line between landscape and abstraction, Rainey paints dynamic scenes in which colour and form meet on the edge of sky and land. A 2014 Ulster University graduate, Rainey completed her Masters at NCAD in June 2016. She takes inspiration natural scenes when creating her paintings, which also draw on Romanticism and traditional Japanese landscapes.\r\n\r\nJane begins each painting through sketching, making visual notes of the landscape around her. \"I pay attention to what interests me and catches my eye, usually striking compositions or natural formations. I often draw quickly or from memory using Indian ink, letting the drawings take on a world of their own. The paintings follow from the drawings. The surface has tension within, organic brush strokes fight against controlled planes of paint, creating a surface that ebbs and flows, drawing your eye in and around the surface.\"\r\n\r\nShe adds: \"My paintings do not attempt to be exact representations of the world around us, but instead express our longing for escapism into nature, tapping into a sense of magic and the inner self.\"", "image_url": null, "image": "janeRainey_2STx4jl.jpg"}}, {"model": "products.category", "pk": 8, "fields": {"name": "leah_beggs", "friendly_name": "Leah Beggs", "description": "Leah graduated from Dun Laoghaire College of Art and Design in Dublin in 1996.  Originally from Dublin, she currently lives and works in Connemara.\r\n\r\nLeah was recently commissioned by the Office of Public Works to develop ten specific pieces which hang in the National Concert Hall and the Department of the Taoiseach respectively. Her work forms part of various collections in Ireland including The Doyle Hotel Collection, Deloitte Art Collection, Savills Ireland, Garda HQ, Office of the Revenue Commissioners, An Bord Pleanla, Microsoft Irish Art Collection, Dun Laoghaire Rathdown County Council (DLR), Charleville Hotel Rathmines and The Stephens Hall Hotel Leeson Street.\r\n\r\nRecent solo exhibitions include Solomon Fine Art, Dublin (Jan 2019, Sept 2016 & Oct 2014),  The Market Place Arts Centre Armagh (Jan 2013) The Kenny Gallery Galway (Feb 2009) The Linenhall Arts Centre Castlebar (May 2009)  and The Signal Arts Centre Bray (Sept 2009) . \r\n\r\nShe is a founding and active member of uachtarARTS, a community arts group in Oughterard, Co. Galway.  In 2011, 2013 & 2017 she was awarded an Individual Artist Bursary from Galway County Council, and a purchase prize from the 2013 DLR Open Submission.", "image_url": null, "image": "LeahBeggsPortrait_0sFO0M7.jpg"}}, {"model": "products.category", "pk": 9, "fields": {"name": "lola_donoghue", "friendly_name": "Lola Donoghue", "description": "Lola Donoghue is an Irish artist living and working in Galway. She graduated at the top of her class with a first class honours degree in Fine Art (Painting) from Limerick School of Art and Design.\r\n\r\n\"My paintings generally evolve through a subtractive process, beginning with lots of colour and bold vigorous brushstrokes and then working backwards so to speak. I add both thick and transparent layers allowing for the under painting to shine through.  A lot of the time I find myself working more in the negative space than the positive.\r\n\r\nImbued with a painterly, ethereal quality, her work is characterized by a predominantly white-on-white palette, layered with a mix of muted colors and splashes of bright neon. Her work is light and fresh and the compositions are a delicate balance of intricate linear forms and concentrated layers of colour. Hidden in the subtle, delicate washes are details, renderings that draw the eye and hint at the exploration of unconscious, clashing narratives and the tension and balance that exist therein.\r\n\r\nHer work is held in private collections all over the world.", "image_url": null, "image": "Herself_kYe7ekZ.jpg"}}, {"model": "products.product", "pk": 1, "fields": {"category": 6, "category_friendly": "Emma Sheridan", "sku": "pp5001340155", "name": "MasKlub 3", "description": "mixed media on paper", "dimensions": "14cm x 22cm", "year": 2018, "offer": "1700.00", "image_url": "https://images.squarespace-cdn.com/content/v1/56da064c356fb0198b75caad/1594572412756-DHPUXP81OMZY67Q8869J/ke17ZwdGBToddI8pDm48kK60W-ob1oA2Fm-j4E_9NQB7gQa3H78H3Y0txjaiv_0fDoOvxcdMmMKkDsyUqMSsMWxHk725yiiHCCLfrh8O1z4YTzHvnKhyp6Da-NYroOW3ZGjoBKy3azqku80C789l0kD6Ec8Uq9YczfrzwR7e2Mh5VMMOxnTbph8FXiclivDQnof69TlCeE0rAhj6HUpXkw/IMG_5626.jpeg?format=2500w", "image": "MasKlub_3.jpeg"}}, {"model": "products.product", "pk": 2, "fields": {"category": 4, "category_friendly": null, "sku": "pp5001600425", "name": "Long Haul Lullaby", "description": "oil on aluminium panel", "dimensions": "122cm by 137", "year": 2016, "offer": "1800.00", "image_url": "https://images.squarespace-cdn.com/content/v1/5b1d70ae45776eaff77f237b/1528666411205-F7JGFFTRRN5QY8GP2H5Z/ke17ZwdGBToddI8pDm48kJiBtl5UrrhlTF6TTS8W8-R7gQa3H78H3Y0txjaiv_0fDoOvxcdMmMKkDsyUqMSsMWxHk725yiiHCCLfrh8O1z4YTzHvnKhyp6Da-NYroOW3ZGjoBKy3azqku80C789l0psyQQR5KrxgIm8QcotvsYv8dwXxr4ltDKEOaUEx2sfY7Lbxto7U4LzREKjPUeztuA/Chloe_Early_Art_Long_Haul_Lullaby.jpg?format=1500w", "image": "Long_Haul_Lullaby2016.jpg"}}, {"model": "products.product", "pk": 3, "fields": {"category": 2, "category_friendly": "Mercedes Helnwein", "sku": "pp5001730010", "name": "Little monster II", "description": "Oil pastel on paper", "dimensions": "76 x 57cm", "year": 2019, "offer": "1800.00", "image_url": "https://artlogic-res.cloudinary.com/w_1600,h_1600,c_limit,f_auto,fl_lossy,q_auto/ws-molesworthgallery/usr/exhibitions/images/68/little-monster.jpg", "image": "Little_monster_II.jpg"}}, {"model": "products.product", "pk": 4, "fields": {"category": 7, "category_friendly": null, "sku": "pp5001890157", "name": "Icy Moon", "description": "oil on canvas", "dimensions": "120 x 150 cm", "year": 2020, "offer": "1600.00", "image_url": "https://images.squarespace-cdn.com/content/v1/552b850ae4b0bad8e30f29fc/1586607320616-KHJ35Y4VNO8ZPSKSGZJA/ke17ZwdGBToddI8pDm48kDBUeOlq-7p9AyYBdisDOJ17gQa3H78H3Y0txjaiv_0fDoOvxcdMmMKkDsyUqMSsMWxHk725yiiHCCLfrh8O1z4YTzHvnKhyp6Da-NYroOW3ZGjoBKy3azqku80C789l0g9xiYCO_4ze-uEG5pWlE5Ot6LvA7HrLpWKSDcBIpxF1FFB1tMEtwgV638EJFhts8w/Icy_Moon_120+x+150_Oil+on+Canvas_2020.jpg?format=2500w", "image": "Icy_Moon.jpg"}}, {"model": "products.product", "pk": 5, "fields": {"category": 7, "category_friendly": null, "sku": "pp5002111605", "name": "Impermanence", "description": "oil on canvas", "dimensions": "120 x 150 cm", "year": 2020, "offer": "1600.00", "image_url": "https://images.squarespace-cdn.com/content/v1/552b850ae4b0bad8e30f29fc/1597400548738-TQZ1MK2SCBP351TK58N8/ke17ZwdGBToddI8pDm48kDEiaSmcSUOiaPfMglqu1dt7gQa3H78H3Y0txjaiv_0fDoOvxcdMmMKkDsyUqMSsMWxHk725yiiHCCLfrh8O1z4YTzHvnKhyp6Da-NYroOW3ZGjoBKy3azqku80C789l0p5uBJOnOmCWBN4JfYsIDyTla6pryFtrsTvncZe1HIU6tAQ62AdqA45jd9M9zS3JOA/Jane-rainey-painting-belfast-2.jpg?format=2500w", "image": "Impermanence.jpg"}}, {"model": "products.product", "pk": 6, "fields": {"category": 9, "category_friendly": null, "sku": "pp5002260206", "name": "ephemeral #3", "description": "acrylic on canvas", "dimensions": "91 x 91cm", "year": 2017, "offer": "1500.00", "image_url": "https://images.squarespace-cdn.com/content/v1/55fac5a2e4b0af10495e6e6c/1543223739535-D40TO5LN2RGHLZ620S3M/ke17ZwdGBToddI8pDm48kCMOzc4GiK3dsNqiUCo6wrh7gQa3H78H3Y0txjaiv_0fDoOvxcdMmMKkDsyUqMSsMWxHk725yiiHCCLfrh8O1z5QHyNOqBUUEtDDsRWrJLTmLLxGPZs9cXJqW7PQ94qJw_PXe0-aBO9Nk8dpGJ5ZKQqQP0CxanRMUAlhQx1QfmRy/ephemeral+%233+LR.jpg?format=1500w", "image": "ephemeral_3_RhwiiCz.jpg"}}, {"model": "products.product", "pk": 7, "fields": {"category": 4, "category_friendly": null, "sku": "pp5005870175", "name": "Something shiny", "description": "oil on aluminium panel", "dimensions": "152 x 183cm", "year": 2014, "offer": "2200.00", "image_url": "https://images.squarespace-cdn.com/content/v1/5b1d70ae45776eaff77f237b/1528666311925-M3UN8NTB5DBQARUYGPZ5/ke17ZwdGBToddI8pDm48kM0yX12XMlTXlz1Dpwaru697gQa3H78H3Y0txjaiv_0fDoOvxcdMmMKkDsyUqMSsMWxHk725yiiHCCLfrh8O1z5QPOohDIaIeljMHgDF5CVlOqpeNLcJ80NK65_fV7S1UTuQDTOIlgqIUsHEA2PLYQrlBcR-ecSxmD4v7fnFAeYGDdYR10EseEUvqLyGQ6Y1_g/Chloe_Early_Art_Something_Shiny_Slips_Away.jpg?format=1500w", "image": "Something_Shiny2014.jpg"}}, {"model": "products.product", "pk": 8, "fields": {"category": 7, "category_friendly": null, "sku": "pp5002601115", "name": "Low Lying Clouds", "description": "oil on canvas", "dimensions": "120 x 150 cm", "year": 2020, "offer": "1600.00", "image_url": "https://images.squarespace-cdn.com/content/v1/552b850ae4b0bad8e30f29fc/1586607314761-DOPU8BJS0CBQ7ZF8YQD6/ke17ZwdGBToddI8pDm48kKg9gHUxzC8TFjTv4MbkSwl7gQa3H78H3Y0txjaiv_0fDoOvxcdMmMKkDsyUqMSsMWxHk725yiiHCCLfrh8O1z4YTzHvnKhyp6Da-NYroOW3ZGjoBKy3azqku80C789l0prfa1Z6IeUrCPboCAmmHZkq_ORj1s9iZK8iaWQvAxQZ3OpNqQjmR1zGWZGBfK589Q/Low_Lying_Clouds_120+x+150_Oil+on+Canvas_2020.jpg?format=2500w", "image": "Low_Lying_Clouds.jpg"}}, {"model": "products.product", "pk": 9, "fields": {"category": 2, "category_friendly": "Mercedes Helnwein", "sku": "pp5002690715", "name": "Best smiles", "description": "Oil pastel on paper", "dimensions": "30 x 22cm", "year": 2018, "offer": "1500.00", "image_url": "https://artlogic-res.cloudinary.com/w_1600,h_1600,c_limit,f_auto,fl_lossy,q_auto/ws-molesworthgallery/usr/images/artworks/main_image/items/ab/abe6318f17e24fb782a492376ebabd05/best-smile-apr-05-2019-2.jpg?focal=46,36", "image": "Best_smiles.jpg"}}, {"model": "products.product", "pk": 10, "fields": {"category": 7, "category_friendly": null, "sku": "pp5002701115", "name": "Sacred World", "description": "oil on canvas", "dimensions": "150 x 120 cm", "year": 2019, "offer": "1200.00", "image_url": "https://images.squarespace-cdn.com/content/v1/552b850ae4b0bad8e30f29fc/1586614595647-RN4OXIL5WMHE6M6KL3V9/ke17ZwdGBToddI8pDm48kMFiMyT1nneRMhnmfuSfpxZ7gQa3H78H3Y0txjaiv_0fDoOvxcdMmMKkDsyUqMSsMWxHk725yiiHCCLfrh8O1z4YTzHvnKhyp6Da-NYroOW3ZGjoBKy3azqku80C789l0mlM0or4nqX7jrn5yWu0hA1QXedaIFqnAbw_tQShHbKg4-O_KAc44ak5jGzrnn7f3A/9.Jane_Rainey_Painting_Sacred_World_4_Oil+on+canvas_150x120_2019.jpg?format=2500w", "image": "Sacred_World.jpg"}}, {"model": "products.product", "pk": 11, "fields": {"category": 9, "category_friendly": null, "sku": "pp5002761055", "name": "ephemeral #13", "description": "acrylic on canvas", "dimensions": "91 x 91cm", "year": 2017, "offer": "1500.00", "image_url": "https://images.squarespace-cdn.com/content/v1/55fac5a2e4b0af10495e6e6c/1543225403016-DVXHR1B182HQI0FI82A4/ke17ZwdGBToddI8pDm48kCMOzc4GiK3dsNqiUCo6wrh7gQa3H78H3Y0txjaiv_0fDoOvxcdMmMKkDsyUqMSsMWxHk725yiiHCCLfrh8O1z5QHyNOqBUUEtDDsRWrJLTmLLxGPZs9cXJqW7PQ94qJw_PXe0-aBO9Nk8dpGJ5ZKQqQP0CxanRMUAlhQx1QfmRy/ephemeral+%2313+LR.jpg?format=500w", "image": "ephemeral_13_RH2tAPt.jpg"}}, {"model": "products.product", "pk": 12, "fields": {"category": 1, "category_friendly": "Mollie Douthit", "sku": "pp5002820069", "name": "AM studio shot", "description": "Oil on panel", "dimensions": "18 x 13 cm", "year": 2017, "offer": "1100.00", "image_url": "https://artlogic-res.cloudinary.com/w_2400,h_2400,c_limit,f_auto,fl_lossy,q_auto/ws-molesworthgallery/usr/exhibitions/images/31/am-studio-shot-oil-on-panel-18x13-2017.jpg", "image": "AM_studio_shot.jpg"}}, {"model": "products.product", "pk": 13, "fields": {"category": 9, "category_friendly": null, "sku": "pp5002820147", "name": "ephemeral #15", "description": "acrylic on canvas", "dimensions": "91 x 91cm", "year": 2017, "offer": "1500.00", "image_url": "https://images.squarespace-cdn.com/content/v1/55fac5a2e4b0af10495e6e6c/1543227819069-T3X42ESQ71POHPEID6FA/ke17ZwdGBToddI8pDm48kCMOzc4GiK3dsNqiUCo6wrh7gQa3H78H3Y0txjaiv_0fDoOvxcdMmMKkDsyUqMSsMWxHk725yiiHCCLfrh8O1z5QHyNOqBUUEtDDsRWrJLTmLLxGPZs9cXJqW7PQ94qJw_PXe0-aBO9Nk8dpGJ5ZKQqQP0CxanRMUAlhQx1QfmRy/ephemeral+%2315+LR.jpg?format=500w", "image": "ephemeral_15_bMg0adq.jpg"}}, {"model": "products.product", "pk": 14, "fields": {"category": 5, "category_friendly": null, "sku": "pp5002910572", "name": "Used to be there", "description": "oil on cardboard", "dimensions": "60 x 60 cm", "year": 2014, "offer": "1400.00", "image_url": "https://www.sofinearteditions.com/work/used-to-be-there/", "image": "Used_to_be_there.jpg"}}, {"model": "products.product", "pk": 15, "fields": {"category": 5, "category_friendly": null, "sku": "pp5002990740", "name": "Absence of a traditional robed portrait", "description": "oil on board", "dimensions": "60 x 50 cm", "year": 2016, "offer": "1500.00", "image_url": "https://www.sofinearteditions.com/work/9273/", "image": "Absence_of_a_traditional_robed_portrait.jpg"}}, {"model": "products.product", "pk": 16, "fields": {"category": 6, "category_friendly": null, "sku": "pp5003050248", "name": "Dahlia", "description": "watercolour on paper", "dimensions": "25cm x 36cm", "year": 2018, "offer": "1500.00", "image_url": "https://images.squarespace-cdn.com/content/v1/56da064c356fb0198b75caad/1594571776538-VJK27M3KQMOSMN2M7K63/ke17ZwdGBToddI8pDm48kK60W-ob1oA2Fm-j4E_9NQB7gQa3H78H3Y0txjaiv_0fDoOvxcdMmMKkDsyUqMSsMWxHk725yiiHCCLfrh8O1z4YTzHvnKhyp6Da-NYroOW3ZGjoBKy3azqku80C789l0kD6Ec8Uq9YczfrzwR7e2Mh5VMMOxnTbph8FXiclivDQnof69TlCeE0rAhj6HUpXkw/IMG_5624.jpeg?format=2500w", "image": "Dahlia.jpeg"}}, {"model": "products.product", "pk": 17, "fields": {"category": 5, "category_friendly": null, "sku": "pp5003070787", "name": "Fabrication", "description": "oil on canvas", "dimensions": "100 x 100cm", "year": 2016, "offer": "1300.00", "image_url": "https://www.sofinearteditions.com/work/fabrication/", "image": "Fabrication.jpg"}}, {"model": "products.product", "pk": 18, "fields": {"category": 2, "category_friendly": "Mercedes Helnwein", "sku": "pp5003090182", "name": "Bunny and green baby", "description": "Oil pastel on paper", "dimensions": "60 x 45cm", "year": 2019, "offer": "1700.00", "image_url": "https://artlogic-res.cloudinary.com/w_1600,h_1600,c_limit,f_auto,fl_lossy,q_auto/ws-molesworthgallery/usr/images/artworks/main_image/items/b7/b7b72ad4ca9d404ea8aee8f5ba63657d/bunny-and-green-baby-apr-05-2019-7.jpg", "image": "Bunny_and_green_baby.jpg"}}, {"model": "products.product", "pk": 19, "fields": {"category": 2, "category_friendly": "Mercedes Helnwein", "sku": "pp5003090186", "name": "Class picture VII", "description": "Oil pastel on paper", "dimensions": "138 x 212cm", "year": 2018, "offer": "3500.00", "image_url": "https://artlogic-res.cloudinary.com/w_1600,h_1600,c_limit,f_auto,fl_lossy,q_auto/ws-molesworthgallery/usr/images/artworks/main_image/items/a4/a43cd648502c4212bd215a4768392c91/class.jpg", "image": "Class_picture.jpg"}}, {"model": "products.product", "pk": 20, "fields": {"category": 7, "category_friendly": null, "sku": "pp5003161326", "name": "Journey", "description": "oil on canvas", "dimensions": "90 x 120 cm", "year": 2019, "offer": "1400.00", "image_url": "https://images.squarespace-cdn.com/content/v1/552b850ae4b0bad8e30f29fc/1586614600362-V4DCUY5TR7GA3MTY2GGE/ke17ZwdGBToddI8pDm48kNmeqSFDz_zeo8vO5oVbLf97gQa3H78H3Y0txjaiv_0fDoOvxcdMmMKkDsyUqMSsMWxHk725yiiHCCLfrh8O1z4YTzHvnKhyp6Da-NYroOW3ZGjoBKy3azqku80C789l0jG2lbcDYBOeMi4OFSYem8CUBct1RSDtm3ZBkuEyTmqb5HjcPjL49rgm5oKO6qQ9iw/11.+Jane_Rainey_Painting_Journey_Oil+on+Canvas_+90+x+120+cm_+2019_LR.jpg?format=2500w", "image": "Journey.jpg"}}, {"model": "products.product", "pk": 21, "fields": {"category": 7, "category_friendly": null, "sku": "pp5003230723", "name": "Witches Broom", "description": "oil on canvas", "dimensions": "120 x 150 cm", "year": 2016, "offer": "1700.00", "image_url": "https://images.squarespace-cdn.com/content/v1/552b850ae4b0bad8e30f29fc/1586611067188-LYMWSYKDENW8ZS06YZF2/ke17ZwdGBToddI8pDm48kJf7hnUQT14WU8RBBLqe5tR7gQa3H78H3Y0txjaiv_0fDoOvxcdMmMKkDsyUqMSsMWxHk725yiiHCCLfrh8O1z4YTzHvnKhyp6Da-NYroOW3ZGjoBKy3azqku80C789l0hveExjbswnAj1UrRPScjfCkUGZNonUDDkhAvzI0dy1ETIuT9jfCxNvK1Usw3GZ6Nw/Jane+Rainey_painting_15.jpg?format=2500w", "image": "Witches_Broom.jpg"}}, {"model": "products.product", "pk": 22, "fields": {"category": 4, "category_friendly": null, "sku": "pp5005870285", "name": "Queen of The Wild Frontier", "description": "oil on aluminium panel", "dimensions": "152 x 183cm", "year": 2014, "offer": "2400.00", "image_url": "https://images.squarespace-cdn.com/content/v1/5b1d70ae45776eaff77f237b/1528666579280-7QVETB1AK27GQI6M5BQ5/ke17ZwdGBToddI8pDm48kM6xKsYoVyoz0MiTp3CSIHd7gQa3H78H3Y0txjaiv_0fDoOvxcdMmMKkDsyUqMSsMWxHk725yiiHCCLfrh8O1z5QPOohDIaIeljMHgDF5CVlOqpeNLcJ80NK65_fV7S1UV_w0Uyh8uolO8R7m7JouT_rfsHCc3gOLutM6jrMi5_fAY5POXD_h1jeGI4ZHjnUGw/Chloe_Early_Art_Queen_Of_The_Wild_Frontier.jpg?format=1500w", "image": "Queen_Of_The_Wild_Frontier2014.jpg"}}, {"model": "products.product", "pk": 23, "fields": {"category": 9, "category_friendly": null, "sku": "pp5003360384", "name": "ephemeral #22", "description": "acrylic on canvas", "dimensions": "101 x 76cm", "year": 2018, "offer": "1500.00", "image_url": "https://images.squarespace-cdn.com/content/v1/55fac5a2e4b0af10495e6e6c/1542646312788-1LUW0OK70TO4SJDJ7RB9/ke17ZwdGBToddI8pDm48kJqtyT2yXeT-3pSuQKuePnVZw-zPPgdn4jUwVcJE1ZvWQUxwkmyExglNqGp0IvTJZamWLI2zvYWH8K3-s_4yszcp2ryTI0HqTOaaUohrI8PIIei3ZxoqahXqmGS7VWeyagnmJeLtWPsgtrqTCz_cFtgKMshLAGzx4R3EDFOm1kBS/ephemeral+%2322+LR.jpg?format=500w", "image": "ephemeral_22_yOlpCgU.jpg"}}, {"model": "products.product", "pk": 24, "fields": {"category": 2, "category_friendly": "Mercedes Helnwein", "sku": "pp5003440111", "name": "Girl with a baritone", "description": "Oil pastel on paper", "dimensions": "76 x 55cm", "year": 2018, "offer": "1600.00", "image_url": "https://artlogic-res.cloudinary.com/w_1600,h_1600,c_limit,f_auto,fl_lossy,q_auto/ws-molesworthgallery/usr/images/artworks/main_image/items/81/81a42bb2243446ce9c37f4ea8dc6d4bf/baritone-horn-apr-05-2019-1.jpg", "image": "Girl_with_a_baritone.jpg"}}, {"model": "products.product", "pk": 25, "fields": {"category": 9, "category_friendly": null, "sku": "pp5003540313", "name": "Heirloom #15", "description": "acrylic on canvas\r\n\r\n36 x 36\"", "dimensions": "91 x 91cm", "year": 2018, "offer": "2200.00", "image_url": "https://images.squarespace-cdn.com/content/v1/55fac5a2e4b0af10495e6e6c/1557490810694-RRFZ94NBQAJLUYACJEGE/ke17ZwdGBToddI8pDm48kGdOfo3ZSa0TpJBsRGEmY1l7gQa3H78H3Y0txjaiv_0fDoOvxcdMmMKkDsyUqMSsMWxHk725yiiHCCLfrh8O1z5QHyNOqBUUEtDDsRWrJLTmaHJ0CCIp0h94CjFWATtzul8dR56EibuxW2Cai7jCkjyD5_MfjIAx2PnRrJT6GIKF/Heirloom+%2315.jpg?format=500w", "image": "heirloom_15_qNm22xa.jpg"}}, {"model": "products.product", "pk": 26, "fields": {"category": 7, "category_friendly": null, "sku": "pp5003560513", "name": "Making and Unmaking", "description": "oil on canvas", "dimensions": "90 x 120 cm", "year": 2016, "offer": "1500.00", "image_url": "https://images.squarespace-cdn.com/content/v1/552b850ae4b0bad8e30f29fc/1586611060417-DXIQN7MU4W1ZC68PFB9F/ke17ZwdGBToddI8pDm48kNCpoHJ0CUVUREeNAAiOSmV7gQa3H78H3Y0txjaiv_0fDoOvxcdMmMKkDsyUqMSsMWxHk725yiiHCCLfrh8O1z5QPOohDIaIeljMHgDF5CVlOqpeNLcJ80NK65_fV7S1UfFsNYhORCFrlY40gRxslMsiatjXVeth3HjCZzgqz1ocps47Koihyk8PYAiEzgcA9A/Jane+Rainey_painting_10.jpg?format=1500w", "image": "Making_and_Unmaking.jpg"}}, {"model": "products.product", "pk": 27, "fields": {"category": 7, "category_friendly": null, "sku": "pp5003560948", "name": "They Didn't See it Coming", "description": "oil on canvas", "dimensions": "140 x 110 cm", "year": 2017, "offer": "1800.00", "image_url": "https://images.squarespace-cdn.com/content/v1/552b850ae4b0bad8e30f29fc/1586611063220-USZR20RR17ZKRQ1KFZNJ/ke17ZwdGBToddI8pDm48kHfyhMSdU8yJCl-yIyKINPN7gQa3H78H3Y0txjaiv_0fDoOvxcdMmMKkDsyUqMSsMWxHk725yiiHCCLfrh8O1z5QPOohDIaIeljMHgDF5CVlOqpeNLcJ80NK65_fV7S1UQGQ4PQAdPAo-dq8mKOOk1Sb1PDYpWoPbFYl-48rGmjFAEWBWR6SmtzKWx2Ta0VnXw/Jane+Rainey_painting_13.jpg?format=1500w", "image": "They_Didnt_See_it_Coming.jpg"}}, {"model": "products.product", "pk": 28, "fields": {"category": 4, "category_friendly": null, "sku": "pp5005870184", "name": "Reverie", "description": "oil on aluminium panel", "dimensions": "152 x183cm", "year": 2016, "offer": "1500.00", "image_url": "https://images.squarespace-cdn.com/content/v1/5b1d70ae45776eaff77f237b/1528666604865-YT3VWWSIKVC75ZOKGJZ4/ke17ZwdGBToddI8pDm48kJ_lG6jM_b7DEF1l1NQIkO17gQa3H78H3Y0txjaiv_0fDoOvxcdMmMKkDsyUqMSsMWxHk725yiiHCCLfrh8O1z5QPOohDIaIeljMHgDF5CVlOqpeNLcJ80NK65_fV7S1UXwyUVNG6ePykMLmg2kDZTM57LQ1AEi_Ffusa4GK38qlu68-Sd_3X4g_9fGkyNf2iA/Chloe_Early_Art_Reverie_official.jpg?format=1500w", "image": "Reverie2016.jpg"}}, {"model": "products.product", "pk": 29, "fields": {"category": 2, "category_friendly": "Mercedes Helnwein", "sku": "pp5003620308", "name": "Home schoolers", "description": "Oil pastel on paper", "dimensions": "75 x 100cm", "year": 2018, "offer": "2200.00", "image_url": "https://molesworthgallery.com/artists/25-mercedes-helnwein/works/9415-mercedes-helnwein-home-schoolers-2019/", "image": "Home_schoolers.jpg"}}, {"model": "products.product", "pk": 30, "fields": {"category": 2, "category_friendly": null, "sku": "pp5003690115", "name": "Miss Klein steps out", "description": "Oil pastel on paper", "dimensions": "41 x 54cm", "year": 2015, "offer": "1300.00", "image_url": "https://artlogic-res.cloudinary.com/w_1600,h_1600,c_limit,f_auto,fl_lossy,q_auto/ws-molesworthgallery/usr/images/artworks/main_image/items/46/466d819cd639445089492999a88413f7/miss-klein-spacing-out-for-a-sec.jpg", "image": "Miss_Klein_steps_out.jpg"}}, {"model": "products.product", "pk": 31, "fields": {"category": 3, "category_friendly": null, "sku": "pp5003690116", "name": "Segment", "description": "oil on board", "dimensions": "35x25cm", "year": 2018, "offer": "1200.00", "image_url": "https://images.squarespace-cdn.com/content/v1/5a58955332601e65951af7de/1525429491700-AEGS1JFAX0XINLJOAHAW/ke17ZwdGBToddI8pDm48kGZY44XxcdCweNAM6imBeg8UqsxRUqqbr1mOJYKfIPR7LoDQ9mXPOjoJoqy81S2I8GRo6ASst2s6pLvNAu_PZdKa32tWeiHlKwj26AgJph2Z7RoilgVOlJANwlFAMAL2Q7sDFMyBeHhKiwFPFGazNkY/untitled_brain_3_2018.jpg?format=1000w", "image": "Segment_wwQeJ8n.jpg"}}, {"model": "products.product", "pk": 32, "fields": {"category": 9, "category_friendly": null, "sku": "pp5003780391", "name": "Heirloom #22", "description": "acrylic on canvas", "dimensions": "91 x 91cm", "year": 2019, "offer": "2200.00", "image_url": "https://images.squarespace-cdn.com/content/v1/55fac5a2e4b0af10495e6e6c/1497882586524-VRV7Q5QQKD2AGMGCQMC7/ke17ZwdGBToddI8pDm48kLVPOuf7ttLCGXTCc1-r7Vt7gQa3H78H3Y0txjaiv_0fDoOvxcdMmMKkDsyUqMSsMWxHk725yiiHCCLfrh8O1z5QHyNOqBUUEtDDsRWrJLTmQPoRzxSr1hzN-vPBHt7YyKpvT__Y8FddH6JByMRtXHsztbxgmoiXaVa1ZikQZW1E/April+2017-18.jpg?format=500w", "image": "heirloom_22_k1W1mvF.jpg"}}, {"model": "products.product", "pk": 33, "fields": {"category": 2, "category_friendly": null, "sku": "pp5003790542", "name": "Shelby", "description": "Pencil on paper", "dimensions": "60 x 50cm", "year": 2017, "offer": "1300.00", "image_url": "http://artlogic-res.cloudinary.com/w_1600,h_1600,c_limit,f_auto,fl_lossy,q_auto/ws-molesworthgallery/usr/images/artworks/main_image/items/be/be115625b520411ba1cdfd30c429782a/shelby-standing.jpg", "image": "Shelby.jpg"}}, {"model": "products.product", "pk": 34, "fields": {"category": 5, "category_friendly": null, "sku": "pp5003831225", "name": "Implicit", "description": "oil on canvas", "dimensions": "90 x 70 cm", "year": 2017, "offer": "1500.00", "image_url": "https://www.sofinearteditions.com/work/implicit/", "image": "Implicit.jpg"}}, {"model": "products.product", "pk": 35, "fields": {"category": 6, "category_friendly": null, "sku": "pp5003861402", "name": "Breath", "description": "acrylic on paper", "dimensions": "36 x 51cm", "year": 2017, "offer": "1900.00", "image_url": "https://images.squarespace-cdn.com/content/v1/56da064c356fb0198b75caad/1596883482136-QZNM4J2CY7MO7Q0OMHDX/ke17ZwdGBToddI8pDm48kOWsyv7s7TkuQo6ddl20epx7gQa3H78H3Y0txjaiv_0fDoOvxcdMmMKkDsyUqMSsMWxHk725yiiHCCLfrh8O1z5QPOohDIaIeljMHgDF5CVlOqpeNLcJ80NK65_fV7S1UWBJWd9P4TkvKPDl2b91c18R8drP_QyfKoq250k4yGctqZUNR6U0zk80lHk53ostyg/image0+3.jpeg?format=2500w", "image": "Breath.jpeg"}}, {"model": "products.product", "pk": 36, "fields": {"category": 4, "category_friendly": null, "sku": "pp5003910638", "name": "Suspended 3", "description": "oil on aluminium panel", "dimensions": "41 x 41cm", "year": 2014, "offer": "1100.00", "image_url": "https://images.squarespace-cdn.com/content/v1/5b1d70ae45776eaff77f237b/1528666587950-HNGJ4WT3WLXIYRH28CEC/ke17ZwdGBToddI8pDm48kN1VL_O5ydpEXpm1s830fV17gQa3H78H3Y0txjaiv_0fDoOvxcdMmMKkDsyUqMSsMWxHk725yiiHCCLfrh8O1z5QPOohDIaIeljMHgDF5CVlOqpeNLcJ80NK65_fV7S1UW_7hJHBnp8uZS0UeSLGs3hkEE7jfC1JnO_okeYx-o3KBashlp-43D3kQy0wbhdyfg/Chloe_Early_Art_Suspended_3.jpg?format=1500w", "image": "Suspended_32014.jpg"}}, {"model": "products.product", "pk": 37, "fields": {"category": 2, "category_friendly": null, "sku": "pp5003950574", "name": "Skeleton kid", "description": "Oil pastel on paper", "dimensions": "99 x 106cm", "year": 2015, "offer": "1600.00", "image_url": "https://artlogic-res.cloudinary.com/w_1600,h_1600,c_limit,f_auto,fl_lossy,q_auto/ws-molesworthgallery/usr/images/artworks/main_image/items/97/97f6a2cf6e24418095fc6ecae380d63d/haloween1.jpg", "image": "Skeleton_kid.jpg"}}, {"model": "products.product", "pk": 39, "fields": {"category": 3, "category_friendly": null, "sku": "pp5003960062", "name": "Roses", "description": "oil on canvas", "dimensions": "30x25cm", "year": 2020, "offer": "1500.00", "image_url": "https://images.squarespace-cdn.com/content/v1/5a58955332601e65951af7de/1597331298779-4A7FGPW9CYK38U3T2QGU/ke17ZwdGBToddI8pDm48kNe6zOZTHfz7l6ZgjxUpukVZw-zPPgdn4jUwVcJE1ZvWQUxwkmyExglNqGp0IvTJZamWLI2zvYWH8K3-s_4yszcp2ryTI0HqTOaaUohrI8PI_yASvo-WEqohroAwDGiHyF2S9ug-6_kqb0gBNu81ch4KMshLAGzx4R3EDFOm1kBS/white+roses_oil+on+canvas+-+smaller+size.jpg?format=1000w", "image": "White_Roses_7ZYuEzN.jpg"}}, {"model": "products.product", "pk": 40, "fields": {"category": 7, "category_friendly": null, "sku": "pp5003960682", "name": "Toxicity", "description": "oil on canvas", "dimensions": "35 x 45 cm", "year": 2016, "offer": "1600.00", "image_url": "https://images.squarespace-cdn.com/content/v1/552b850ae4b0bad8e30f29fc/1586693033792-8X4V7YNC1RF2NQCFUTJN/ke17ZwdGBToddI8pDm48kNAVWAlbD0qKKWO_1CPUSNNZw-zPPgdn4jUwVcJE1ZvWQUxwkmyExglNqGp0IvTJZUJFbgE-7XRK3dMEBRBhUpztj3kigvkmIfEtoZGBM-sB03aJDmKhpFT61N0DOhK2GU3aMwKPUuV3bGfhs7tuS1c/Jane+Rainey_painting_6_png.png?format=750w", "image": "Toxicity.jpg"}}, {"model": "products.product", "pk": 44, "fields": {"category": 5, "category_friendly": null, "sku": "pp5004111503", "name": "Living with a painting", "description": "oil on canvas", "dimensions": "60 x 60cm", "year": 2017, "offer": "1200.00", "image_url": "https://www.sofinearteditions.com/work/living-with-a-painting/", "image": "Living_with_a_painting.jpg"}}, {"model": "products.product", "pk": 48, "fields": {"category": 1, "category_friendly": "Mollie Douthit", "sku": "pp5004650050", "name": "Bedroom Placemats", "description": "Oil on canvas panel", "dimensions": "18 x 13cm", "year": 2017, "offer": "1100.00", "image_url": "https://artlogic-res.cloudinary.com/w_1600,h_1600,c_limit,f_auto,fl_lossy,q_auto/ws-molesworthgallery/usr/exhibitions/images/31/bedroom-placemats-oil-on-canvas-panel-18x13-2017.jpg", "image": "Bedroom_placemats.jpg"}}, {"model": "products.product", "pk": 50, "fields": {"category": 9, "category_friendly": null, "sku": "pp5004900522", "name": "Heirloom #25", "description": "acrylic on canvas", "dimensions": "91 x 91cm", "year": 2018, "offer": "2200.00", "image_url": "https://images.squarespace-cdn.com/content/v1/55fac5a2e4b0af10495e6e6c/1563369651230-JUC2HOFQXDFGV8K29N9A/ke17ZwdGBToddI8pDm48kKk6KazfdGSvEHm34IDX-gp7gQa3H78H3Y0txjaiv_0fDoOvxcdMmMKkDsyUqMSsMWxHk725yiiHCCLfrh8O1z5QHyNOqBUUEtDDsRWrJLTmoJKo7K7P-K3iDKcb1IjyB0EXx9IUAQOa6QstpOtLIvNdsJnavUrRruSp1NTU8N1j/Heirloom+%2325.jpg?format=500w", "image": "heirloom_25_lrnZBcR.jpg"}}, {"model": "products.product", "pk": 51, "fields": {"category": 5, "category_friendly": null, "sku": "pp5004910158", "name": "More planning than chance", "description": "oil on canvas, collage and thread", "dimensions": "60 x 60 cm", "year": 2016, "offer": "1200.00", "image_url": "https://www.sofinearteditions.com/work/more-planning-than-chance/", "image": "More_planning_than_chance.jpg"}}, {"model": "products.product", "pk": 53, "fields": {"category": 3, "category_friendly": null, "sku": "pp5004940703", "name": "Ingress", "description": "oil on canvas", "dimensions": "36 x 26 cm", "year": 2014, "offer": "1200.00", "image_url": "https://images.squarespace-cdn.com/content/v1/5a58955332601e65951af7de/1580408267095-5V8GA66WL6TKFDX86H31/ke17ZwdGBToddI8pDm48kOhgSV6GZ-D_bI77i17zxwV7gQa3H78H3Y0txjaiv_0fDoOvxcdMmMKkDsyUqMSsMWxHk725yiiHCCLfrh8O1z5QPOohDIaIeljMHgDF5CVlOqpeNLcJ80NK65_fV7S1Uai4aQcfc6N4E4OrwJAgpprmlKUEO-ktxjKsN7g5koZtqN0oR6KEvo4CBbjgVS6eJg/Chanelle_Walshe_Ingress_oil+on+canvas_100x80cm_2019.jpg?format=750w", "image": "Ingress_bFHiS6d.jpg"}}, {"model": "products.product", "pk": 54, "fields": {"category": 9, "category_friendly": null, "sku": "pp5004991006", "name": "Lead Lined Diamond 2", "description": "acrylic on canvas\r\n\r\n30 x 40\"", "dimensions": "76 x  101cm", "year": 2017, "offer": "2800.00", "image_url": "https://images.squarespace-cdn.com/content/v1/55fac5a2e4b0af10495e6e6c/1502890661087-J42FCCN4XGNNKD441WCE/ke17ZwdGBToddI8pDm48kHHgBDlKOrMz_NqK57_atf9Zw-zPPgdn4jUwVcJE1ZvWQUxwkmyExglNqGp0IvTJZamWLI2zvYWH8K3-s_4yszcp2ryTI0HqTOaaUohrI8PIDGcRknKAtfbNCCnRTudFed9zL7QeGPMgwQMZOZfcENkKMshLAGzx4R3EDFOm1kBS/Lead+Lined+Diamond+2+cc+LR.jpg?format=500w", "image": "Lead_Lined_Diamond_efqwbFg.jpg"}}, {"model": "products.product", "pk": 55, "fields": {"category": 4, "category_friendly": null, "sku": "pp5004991162", "name": "Suspended 4", "description": "Oil on aluminium panel", "dimensions": "41 x 41cm", "year": 2014, "offer": "1200.00", "image_url": "https://images.squarespace-cdn.com/content/v1/5b1d70ae45776eaff77f237b/1528666499851-HUXMQHUF96WE4O4VMMOS/ke17ZwdGBToddI8pDm48kN1VL_O5ydpEXpm1s830fV17gQa3H78H3Y0txjaiv_0fDoOvxcdMmMKkDsyUqMSsMWxHk725yiiHCCLfrh8O1z5QPOohDIaIeljMHgDF5CVlOqpeNLcJ80NK65_fV7S1UW_7hJHBnp8uZS0UeSLGs3hkEE7jfC1JnO_okeYx-o3KBashlp-43D3kQy0wbhdyfg/Chloe_Early_Art_Suspended_4.jpg", "image": "Suspended_42014.jpg"}}, {"model": "products.product", "pk": 56, "fields": {"category": 6, "category_friendly": null, "sku": "pp5005000046", "name": "Spectre", "description": "oil paint on cotton canvas board", "dimensions": "30 x 30cm", "year": 2019, "offer": "2200.00", "image_url": "https://images.squarespace-cdn.com/content/v1/56da064c356fb0198b75caad/1594723311906-1X0S27793ZEAU0ZDC4P7/ke17ZwdGBToddI8pDm48kOBFMk_BzxHEJHjbm5V7hEZ7gQa3H78H3Y0txjaiv_0fDoOvxcdMmMKkDsyUqMSsMWxHk725yiiHCCLfrh8O1z4YTzHvnKhyp6Da-NYroOW3ZGjoBKy3azqku80C789l0hZPx-jNbZA_TaS-5l2nNKF1Tuj4N01xnhHZDdm_R5M9kYLQ1z9h7g-A3Jkymc86wA/0C7E5EBD-1B29-42D8-9E2D-1A53E4B70514-45437A65-83E7-4E9F-81C5-550BDFCF5D3F.jpeg?format=2500w", "image": "Spectre.jpeg"}}, {"model": "products.product", "pk": 57, "fields": {"category": 3, "category_friendly": null, "sku": "pp5005070254", "name": "Hallowed Reach", "description": "oil on canvas", "dimensions": "100x80cm", "year": 2015, "offer": "3400.00", "image_url": "https://images.squarespace-cdn.com/content/v1/5a58955332601e65951af7de/1515956792102-A2TB4MWBY9OZZKCLJ024/ke17ZwdGBToddI8pDm48kIELqAqcW0AtxUzoqUPFn3oUqsxRUqqbr1mOJYKfIPR7LoDQ9mXPOjoJoqy81S2I8PaoYXhp6HxIwZIk7-Mi3Tsic-L2IOPH3Dwrhl-Ne3Z2Pb5Bx8K6uU9PJvuQRN6GclRs8mmoAXPMWhix3Kqr80ubtxPRH917Fz9Qv_NunPol/chanelle_walshe-Hallowed+Reach.jpg?format=1000w", "image": "Hallowed_Reach_bG38gxP.jpg"}}, {"model": "products.product", "pk": 60, "fields": {"category": 4, "category_friendly": null, "sku": "pp5005200166", "name": "Suspended 6", "description": "oil on aluminium panel", "dimensions": "41 x 41cm", "year": 2014, "offer": "1200.00", "image_url": "https://images.squarespace-cdn.com/content/v1/5b1d70ae45776eaff77f237b/1528666608465-BLBS6TNTLN55Y9RR3UDJ/ke17ZwdGBToddI8pDm48kN1VL_O5ydpEXpm1s830fV17gQa3H78H3Y0txjaiv_0fDoOvxcdMmMKkDsyUqMSsMWxHk725yiiHCCLfrh8O1z5QPOohDIaIeljMHgDF5CVlOqpeNLcJ80NK65_fV7S1UW_7hJHBnp8uZS0UeSLGs3hkEE7jfC1JnO_okeYx-o3KBashlp-43D3kQy0wbhdyfg/Chloe_Early_Art_Suspended_6.jpg?format=1500w", "image": "Suspended_62014.jpg"}}, {"model": "products.product", "pk": 62, "fields": {"category": 3, "category_friendly": null, "sku": "pp5005280104", "name": "Paragon", "description": "oil on board", "dimensions": "35x25cm", "year": 2017, "offer": "1200.00", "image_url": "https://images.squarespace-cdn.com/content/v1/5a58955332601e65951af7de/1515936232043-9WMHYXLN0X9M4S40QIB9/ke17ZwdGBToddI8pDm48kNf_Dye72bA1_71eWPX3zaYUqsxRUqqbr1mOJYKfIPR7LoDQ9mXPOjoJoqy81S2I8GRo6ASst2s6pLvNAu_PZdIcdEyqeIwlu7AfwRlEUW7lOzXFa7y_ZHOUyDQnKb5GaNro7lnB9ceokEJuFjaPzu8/chanelle_walshe-paragon.jpg?format=1000w", "image": "Paragon_RboxwEL.jpg"}}, {"model": "products.product", "pk": 64, "fields": {"category": 3, "category_friendly": null, "sku": "pp5005330595", "name": "Spirit", "description": "oil on canvas", "dimensions": "100x80cm", "year": 2020, "offer": "1600.00", "image_url": "https://images.squarespace-cdn.com/content/v1/5a58955332601e65951af7de/1597334059262-KFUBL37MSF32JBSJ3QGS/ke17ZwdGBToddI8pDm48kAYywbqICfGJFKRXkl8-Ibd7gQa3H78H3Y0txjaiv_0fDoOvxcdMmMKkDsyUqMSsMWxHk725yiiHCCLfrh8O1z4YTzHvnKhyp6Da-NYroOW3ZGjoBKy3azqku80C789l0ouw-8l5B_J38LMU7OZFvYdaRSvaPBCxxYQITgziP8u5IO3n8mOY1D279mu8g4lriw/Chanelle+Walshe_Spirit.jpeg?format=1000w", "image": "Spirit_ilACShQ.jpeg"}}, {"model": "products.product", "pk": 65, "fields": {"category": 3, "category_friendly": null, "sku": "pp5005330596", "name": "Telesthesia I", "description": "oil on canvas", "dimensions": "36 x 26 cm", "year": 2017, "offer": "1400.00", "image_url": "https://images.squarespace-cdn.com/content/v1/5a58955332601e65951af7de/1515758845812-Y8257FWBI8DVEJQCONH4/ke17ZwdGBToddI8pDm48kEGFt_wmW7vCaBWT6R6Hps8UqsxRUqqbr1mOJYKfIPR7LoDQ9mXPOjoJoqy81S2I8PaoYXhp6HxIwZIk7-Mi3Tsic-L2IOPH3Dwrhl-Ne3Z2NCprWXIxmIp0bxzvWT5D1uUP7IniwnDD0yDwgULx_HCkL3r1G49e-3ZnDLNRdB_t/chanelle_walshe-1.jpg?format=750w", "image": "Telesthesia_I_JTFwDbd.jpg"}}, {"model": "products.product", "pk": 66, "fields": {"category": 3, "category_friendly": null, "sku": "pp5005430914", "name": "Telesthesia II", "description": "oIl on canvas", "dimensions": "26 x 36 cm", "year": 2017, "offer": "1400.00", "image_url": "https://images.squarespace-cdn.com/content/v1/5a58955332601e65951af7de/1515758931884-6B0TNTE3RSDBT3R5ESR5/ke17ZwdGBToddI8pDm48kMPOK14HXv_rmSdFAMilUxYUqsxRUqqbr1mOJYKfIPR7LoDQ9mXPOjoJoqy81S2I8PaoYXhp6HxIwZIk7-Mi3Tsic-L2IOPH3Dwrhl-Ne3Z2gEGElW0n5-yHtCCVZ5RlAh88rvdQc2wu0gadQAWP-7cm_AaHWq01a8yFgqe9oqFs/chanelle_walshe-6.jpg?format=1000w", "image": "Telesthesia_II_L9Hr2Bn.jpg"}}, {"model": "products.product", "pk": 67, "fields": {"category": 9, "category_friendly": null, "sku": "pp5005430944", "name": "Magic Carpet", "description": "acrylic on canvas", "dimensions": "91 x 91cm", "year": 2019, "offer": "2600.00", "image_url": "https://images.squarespace-cdn.com/content/v1/55fac5a2e4b0af10495e6e6c/1491228663119-RIA0VIC2XFRL1QYJ1FZB/ke17ZwdGBToddI8pDm48kMh3mVmBaCAeGwqCLG3iONRZw-zPPgdn4jUwVcJE1ZvWQUxwkmyExglNqGp0IvTJZamWLI2zvYWH8K3-s_4yszcp2ryTI0HqTOaaUohrI8PIarJWwnumkapRz_nmTYj1dpaH2rx--_BA62nv3IYPJxMKMshLAGzx4R3EDFOm1kBS/Magic+Carpet.jpg?format=500w", "image": "Magic_Carpet_96b0Tl6.jpg"}}, {"model": "products.product", "pk": 68, "fields": {"category": 6, "category_friendly": null, "sku": "pp5005510265", "name": "MasKlub 2", "description": "mixed media on paper", "dimensions": "14cm x 22cm", "year": 2019, "offer": "1300.00", "image_url": "https://images.squarespace-cdn.com/content/v1/56da064c356fb0198b75caad/1594212893433-8TVHTBJ05CSKOEOVFTO5/ke17ZwdGBToddI8pDm48kIY8MaVPhnW_8AZ9bRHFCu57gQa3H78H3Y0txjaiv_0fDoOvxcdMmMKkDsyUqMSsMWxHk725yiiHCCLfrh8O1z5QPOohDIaIeljMHgDF5CVlOqpeNLcJ80NK65_fV7S1US_6JDB6gZG3r1eaDkGgZlT8j4840D01VIPVc5TrYoRqOgs6Xxq7lZ_elwu0RDexeg/IMG_5526.jpeg?format=2500w", "image": "MasKlub_2.jpeg"}}, {"model": "products.product", "pk": 71, "fields": {"category": 8, "category_friendly": null, "sku": "pp5005630545", "name": "A slow day", "description": "oil on canvas", "dimensions": "120 x 150 cm", "year": 2018, "offer": "1100.00", "image_url": "https://images.squarespace-cdn.com/content/v1/587a5e028419c28863850611/1580738708375-9KV0HS6FYH6RDRCA3UK2/ke17ZwdGBToddI8pDm48kA0x_k6HFsQuJdxxBGiDnk57gQa3H78H3Y0txjaiv_0fDoOvxcdMmMKkDsyUqMSsMWxHk725yiiHCCLfrh8O1z5QHyNOqBUUEtDDsRWrJLTmEZprBMNaW6dUYQUrCwR2cXhzkCQoVttn90fRk2qBKYb2WX1i21RpMHjRkTpN6hV0/Leah+Beggs+2019+-+Oil+on+Canvas+-+120+x+150cm+-+A+SLOW+DAY_300pdi_resize.jpg?format=500w", "image": "A_slow_day.jpg"}}, {"model": "products.product", "pk": 72, "fields": {"category": 6, "category_friendly": null, "sku": "pp5005630605", "name": "Marigold", "description": "acrylic on paper", "dimensions": "23 x 36cm", "year": 2018, "offer": "1300.00", "image_url": "https://images.squarespace-cdn.com/content/v1/56da064c356fb0198b75caad/1594229418768-ULFPY1KPBMBR1V88D5HI/ke17ZwdGBToddI8pDm48kFD1fMXR_TyEr-AM6yKMKdV7gQa3H78H3Y0txjaiv_0fDoOvxcdMmMKkDsyUqMSsMWxHk725yiiHCCLfrh8O1z5QPOohDIaIeljMHgDF5CVlOqpeNLcJ80NK65_fV7S1UTB37MVbF5aa4HRXYSFkkRrK61fWZg3-uK4R5JzP14GH9Svai7KKPqKISdRj9-5LpA/IMG_5529.jpeg?format=2500w", "image": "Marigold.jpeg"}}, {"model": "products.product", "pk": 73, "fields": {"category": 6, "category_friendly": null, "sku": "pp5005630637", "name": "MasKlub 1", "description": "acrylic on cotton canvas board", "dimensions": "18 x 24cm", "year": 2019, "offer": "1400.00", "image_url": "https://images.squarespace-cdn.com/content/v1/56da064c356fb0198b75caad/1594212994886-K7635UWHUTZNAATNGCZ1/ke17ZwdGBToddI8pDm48kMzwAQPHnk0cMt2jVqfFTaR7gQa3H78H3Y0txjaiv_0fDoOvxcdMmMKkDsyUqMSsMWxHk725yiiHCCLfrh8O1z5QPOohDIaIeljMHgDF5CVlOqpeNLcJ80NK65_fV7S1Uac9yRftTMuqdrj7zEigc1KNXkfamIUFlELpGyWgknZ64pjsRVQV9AhdjRk5CeR2TA/IMG_5525.jpeg?format=2500w", "image": "MasKlub_1.jpeg"}}, {"model": "products.product", "pk": 74, "fields": {"category": 6, "category_friendly": null, "sku": "pp5005630638", "name": "Sage", "description": "watercolour on paper", "dimensions": "25 x 36cm", "year": 2018, "offer": "1000.00", "image_url": "https://images.squarespace-cdn.com/content/v1/56da064c356fb0198b75caad/1594572305417-M6MS3K2BKFNQ5BE5YZLM/ke17ZwdGBToddI8pDm48kK1qzWvmSTF8n942WvMDJbp7gQa3H78H3Y0txjaiv_0fDoOvxcdMmMKkDsyUqMSsMWxHk725yiiHCCLfrh8O1z4YTzHvnKhyp6Da-NYroOW3ZGjoBKy3azqku80C789l0k5fwC0WRNFJBIXiBeNI5fK6IV4V1H1Y5xDKblt6RiG9mVlms2kxl-3ruKRVbo1_7A/IMG_5623.jpeg?format=2500w", "image": "Sage.jpeg"}}, {"model": "products.product", "pk": 75, "fields": {"category": 6, "category_friendly": null, "sku": "pp5005650677", "name": "Ajna", "description": "mixed media on paper", "dimensions": "14 x 22cm", "year": 2019, "offer": "900.00", "image_url": "https://images.squarespace-cdn.com/content/v1/56da064c356fb0198b75caad/1594375409095-DEJT2G47KUEZ8K9AR1OQ/ke17ZwdGBToddI8pDm48kJIv27CWy_6T9nMd0-zWv5R7gQa3H78H3Y0txjaiv_0fDoOvxcdMmMKkDsyUqMSsMWxHk725yiiHCCLfrh8O1z4YTzHvnKhyp6Da-NYroOW3ZGjoBKy3azqku80C789l0oycmklwMHPwSb2Cr-KYzbrDCMCzU0R9asrSZNF-46bcbQhvj-1zoIlHo4cHw3s9PQ/977D41DF-4AA6-4106-98F8-9CC13D7B69DD.jpeg?format=2500w", "image": "Ajna.jpeg"}}, {"model": "products.product", "pk": 77, "fields": {"category": 5, "category_friendly": null, "sku": "pp5005740430", "name": "Net curtains", "description": "oil on canvas", "dimensions": "60 x 50 cm", "year": 2019, "offer": "1400.00", "image_url": "https://www.sofinearteditions.com/work/8500/", "image": "Net_Curtains.jpg"}}, {"model": "products.product", "pk": 80, "fields": {"category": 3, "category_friendly": null, "sku": "pp5005760088", "name": "Virgin", "description": "oil and pencil on board", "dimensions": "40x30cm", "year": 2013, "offer": "1400.00", "image_url": "https://images.squarespace-cdn.com/content/v1/5a58955332601e65951af7de/1515956370647-EHHJOYQ02N6AYYH9RIPP/ke17ZwdGBToddI8pDm48kJdyuQB1_XfokaYv-6cVB8MUqsxRUqqbr1mOJYKfIPR7LoDQ9mXPOjoJoqy81S2I8PaoYXhp6HxIwZIk7-Mi3Tsic-L2IOPH3Dwrhl-Ne3Z2NPwxY55HuJhfFu-0sFzKSFH17twbHnEv6iciTSs6249bTvJybZOtvbWRiFosmN10/chanelle_walshe-21.jpg?format=1000w", "image": "Virgin_jIoxqXg.jpg"}}, {"model": "products.product", "pk": 82, "fields": {"category": 1, "category_friendly": "Mollie Douthit", "sku": "pp5005820197", "name": "Chair", "description": "Oil on linen", "dimensions": "30 x 20cm", "year": 2018, "offer": "1200.00", "image_url": "https://artlogic-res.cloudinary.com/w_2400,h_2400,c_limit,f_auto,fl_lossy,q_auto/ws-molesworthgallery/usr/exhibitions/images/31/chair-oil-on-linen-panel-30x20cm-2017.jpg", "image": "Chair.jpg"}}, {"model": "products.product", "pk": 87, "fields": {"category": 4, "category_friendly": null, "sku": "pp5005860175", "name": "Suspended 19", "description": "oil on aluminium panel", "dimensions": "41 x 41cm", "year": 2015, "offer": "1300.00", "image_url": "https://images.squarespace-cdn.com/content/v1/5b1d70ae45776eaff77f237b/1528666610625-O0RMU39WTGRO7GQK2HSP/ke17ZwdGBToddI8pDm48kIq99AT63TvEj1mDcfNSWx97gQa3H78H3Y0txjaiv_0fDoOvxcdMmMKkDsyUqMSsMWxHk725yiiHCCLfrh8O1z5QPOohDIaIeljMHgDF5CVlOqpeNLcJ80NK65_fV7S1UREuVo-UwAyeUmHnJW12kS7h-GDPcc0EIj5s8SqWpgdn9rqXAfhqx7nqq9zlU6uspg/Chloe_Early_Art_Suspended_19.jpg?format=1500w", "image": "Suspended_192015.jpg"}}, {"model": "products.product", "pk": 88, "fields": {"category": 8, "category_friendly": null, "sku": "pp5005860263", "name": "High Tide", "description": "oil on canvas", "dimensions": "120x150 cm", "year": 2019, "offer": "1400.00", "image_url": "https://images.squarespace-cdn.com/content/v1/587a5e028419c28863850611/1568990129144-4ZD5FGO95AOBSAKTIAIZ/ke17ZwdGBToddI8pDm48kAq-kF0xkVlCAKgVps3W0cB7gQa3H78H3Y0txjaiv_0fDoOvxcdMmMKkDsyUqMSsMWxHk725yiiHCCLfrh8O1z5QPOohDIaIeljMHgDF5CVlOqpeNLcJ80NK65_fV7S1UURMvDHeJFres8L0hiGuj4qJtf51hx5GzrVSJe23x0iNdCV3EHbhbALGofTtrcqjFA/Leah+Beggs+2019+-+Oil+on+Canvas+-120+x+120+cm+-+HIGH+TIDE_300dpi_resize.jpg?format=750w", "image": "High_tide.jpg"}}, {"model": "products.product", "pk": 89, "fields": {"category": 1, "category_friendly": "Mollie Douthit", "sku": "pp5005870183", "name": "It's a joke", "description": "Oil on linen panel", "dimensions": "30 x 20 cm", "year": 2018, "offer": "1100.00", "image_url": "https://artlogic-res.cloudinary.com/w_1600,h_1600,c_limit,f_auto,fl_lossy,q_auto/ws-molesworthgallery/usr/exhibitions/images/31/it-s-a-joke-oil-on-linen-panel-30x20cm-2017.jpg", "image": "Its_a_joke.jpg"}}, {"model": "products.product", "pk": 92, "fields": {"category": 1, "category_friendly": "Mollie Douthit", "sku": "pp5006370565", "name": "It's yours", "description": "Oil on canvas panel", "dimensions": "28 x 20cm", "year": 2018, "offer": "1200.00", "image_url": "https://artlogic-res.cloudinary.com/w_1600,h_1600,c_limit,f_auto,fl_lossy,q_auto/ws-molesworthgallery/usr/exhibitions/images/31/it-s-yours-oil-on-linen-panel-30x25cm-2017.jpg", "image": "Its_yours.jpg"}}, {"model": "products.product", "pk": 99, "fields": {"category": 5, "category_friendly": null, "sku": "pp5006070077", "name": "Open", "description": "oil on canvas", "dimensions": "80 x 80 cm", "year": 2019, "offer": "1400.00", "image_url": "https://www.sofinearteditions.com/work/open/", "image": "Open.jpg"}}, {"model": "products.product", "pk": 100, "fields": {"category": 4, "category_friendly": null, "sku": "pp5001600358", "name": "The Gathering", "description": "oil on aluminium panel", "dimensions": "122 cm x 137", "year": 2017, "offer": "1300.00", "image_url": "https://images.squarespace-cdn.com/content/v1/5b1d70ae45776eaff77f237b/1528666597471-1MOIEKU5ECOEVGF2OGSE/ke17ZwdGBToddI8pDm48kJv4AbmttOUZBAsuHlJ05gh7gQa3H78H3Y0txjaiv_0fDoOvxcdMmMKkDsyUqMSsMWxHk725yiiHCCLfrh8O1z5QPOohDIaIeljMHgDF5CVlOqpeNLcJ80NK65_fV7S1UcjPFrltKANQeeyJT6uticjrkpOCnAsrR6vsNimCvMlTMC4rHEM0xPV0I9BpS2o8Ig/Chloe_Early_Art_The_Gathering.jpg?format=1500w", "image": "The_Gathering2017.jpg"}}, {"model": "products.product", "pk": 105, "fields": {"category": 1, "category_friendly": "Mollie Douthit", "sku": "pp5006160833", "name": "Make it", "description": "Oil on canvas panel", "dimensions": "28 x 20cm", "year": 2018, "offer": "1200.00", "image_url": "https://artlogic-res.cloudinary.com/w_1600,h_1600,c_limit,f_auto,fl_lossy,q_auto/ws-molesworthgallery/usr/exhibitions/images/31/make-it-oil-on-panel-29x25cm-2016jpg.jpg", "image": "Make_it.jpg"}}, {"model": "products.product", "pk": 108, "fields": {"category": 4, "category_friendly": null, "sku": "pp5001600312", "name": "The Infinite", "description": "oil on aluminium panel", "dimensions": "152 x 183cm", "year": 2016, "offer": "1500.00", "image_url": "https://images.squarespace-cdn.com/content/v1/5b1d70ae45776eaff77f237b/1530782259800-M3OIAWB2WR27CKG82PD2/ke17ZwdGBToddI8pDm48kKpkodN5qO8ntWXjYR2RA717gQa3H78H3Y0txjaiv_0fDoOvxcdMmMKkDsyUqMSsMWxHk725yiiHCCLfrh8O1z5QPOohDIaIeljMHgDF5CVlOqpeNLcJ80NK65_fV7S1UaIVDqfCuAmO9obqw3U1vaGRO98SlSKf1_S69AI9Li-9gvfXeFkqR2XURoQScuJivA/Chloe_Early_Art_The_Infinite.jpg?format=1500w", "image": "The_Infinite2016.jpg"}}, {"model": "products.product", "pk": 117, "fields": {"category": 8, "category_friendly": null, "sku": "pp5006280064", "name": "Keeping time", "description": "oil on canvas", "dimensions": "100 x100 cm", "year": 2019, "offer": "1100.00", "image_url": "https://images.squarespace-cdn.com/content/v1/587a5e028419c28863850611/1580732946790-N60S8BZF2R38C9AZED8W/ke17ZwdGBToddI8pDm48kETqs4oV83DDP9b0j7TiSQN7gQa3H78H3Y0txjaiv_0fDoOvxcdMmMKkDsyUqMSsMWxHk725yiiHCCLfrh8O1z5QHyNOqBUUEtDDsRWrJLTmmbLecD_NwfjqNxjfNDWHyNoZzwj7BR9MYtQovpIn5ZvFkHr8xpY_80YgwX5GetUO/Leah+Beggs+2019+-+Oil+on+Canvas+-+100+x+100cm+-+KEEPING+TIME_300dpi_resize.jpg?format=750w", "image": "Keeping_time.jpg"}}, {"model": "products.product", "pk": 118, "fields": {"category": 1, "category_friendly": "Mollie Douthit", "sku": "pp5006280190", "name": "Me three", "description": "Oil on canvas panel", "dimensions": "18 x 13cm", "year": 2018, "offer": "1100.00", "image_url": "https://artlogic-res.cloudinary.com/w_1600,h_1600,c_limit,f_auto,fl_lossy,q_auto/ws-molesworthgallery/usr/exhibitions/images/31/me-three-oil-on-canvas-panel-18x13cm-2016.jpg3M.tif?wid=65&hei=65&fmt=jpg&op_usm=.4,.8,0,0&resmode=sharp2", "image": "Me_three.jpg"}}, {"model": "products.product", "pk": 119, "fields": {"category": 1, "category_friendly": "Mollie Douthit", "sku": "pp5006291997", "name": "Mini box", "description": "Oil on panel", "dimensions": "18 x 13cm", "year": 2019, "offer": "1300.00", "image_url": "https://artlogic-res.cloudinary.com/w_1600,h_1600,c_limit,f_auto,fl_lossy,q_auto/ws-molesworthgallery/usr/exhibitions/images/31/mini-box-oil-on-panel-18-x-13cm.jpg", "image": "Mini_box.jpg"}}, {"model": "products.product", "pk": 121, "fields": {"category": 1, "category_friendly": "Mollie Douthit", "sku": "pp5006310446", "name": "Siri says", "description": "Oil on canvas panel", "dimensions": "18 x 13cm", "year": 2019, "offer": "1300.00", "image_url": "https://artlogic-res.cloudinary.com/w_1600,h_1600,c_limit,f_auto,fl_lossy,q_auto/ws-molesworthgallery/usr/exhibitions/images/31/siri-says-oil-on-canvas-panel-18x13-2017.jpg", "image": "Siri_says.jpg"}}, {"model": "products.product", "pk": 122, "fields": {"category": 5, "category_friendly": null, "sku": "pp5006310918", "name": "Continued from before", "description": "oil on canvas", "dimensions": "60 x 60 cm", "year": 2019, "offer": "1500.00", "image_url": "https://www.sofinearteditions.com/work/continued-from-before/", "image": "Continued_from_before.jpg"}}, {"model": "products.product", "pk": 128, "fields": {"category": 8, "category_friendly": null, "sku": "pp5006340653", "name": "Rosy retrospection", "description": "oil on canvas", "dimensions": "120 x 150cm", "year": 2019, "offer": "1300.00", "image_url": "https://images.squarespace-cdn.com/content/v1/587a5e028419c28863850611/1580738151977-2IOACTD4OWE30OF8CFDT/ke17ZwdGBToddI8pDm48kOw5GKiQkfBObguLrsWkpgJ7gQa3H78H3Y0txjaiv_0fDoOvxcdMmMKkDsyUqMSsMWxHk725yiiHCCLfrh8O1z5QHyNOqBUUEtDDsRWrJLTmo3_5ncHsS_KC884-Z46vJe7NoGijv-Nb3xLlJs4eV2M-Xl8Uc1dmMc3iFXGCA3Gh/Leah+Beggs+2018+-+Oil+on+Canvas+-+120+x+150cm+-ROSY+RETROSPECTION+-+%28300dpi%29_resize.jpg?format=500w", "image": "Rosy_retrospection.jpg"}}, {"model": "products.product", "pk": 129, "fields": {"category": 8, "category_friendly": null, "sku": "pp5006370013", "name": "Same place", "description": "oil on canvas", "dimensions": "120x150 cm", "year": 2019, "offer": "1400.00", "image_url": "https://images.squarespace-cdn.com/content/v1/587a5e028419c28863850611/1580725694366-S6T64ZJRE3Z3UNIV0S25/ke17ZwdGBToddI8pDm48kJaRVHCuBD0LNLuhLoJgN8V7gQa3H78H3Y0txjaiv_0fDoOvxcdMmMKkDsyUqMSsMWxHk725yiiHCCLfrh8O1z5QHyNOqBUUEtDDsRWrJLTmHy9fWX2TbgcwCD5LYAWJ6SMRIBe-GfzbfXr0TbWK1VNuXrLjMn6v3MBii6fqp-IY/Leah+Beggs+2019+-+Oil+on+Canvas+-+120+x+150cm+-+SAME+PLACE+AS+BEFORE_300dpi_resize.jpg?format=500w", "image": "Same_place.jpg"}}, {"model": "products.product", "pk": 137, "fields": {"category": 8, "category_friendly": null, "sku": "pp5006430031", "name": "Things are looking up", "description": "oil on canvas", "dimensions": "100 x 100cm", "year": 2018, "offer": "1800.00", "image_url": "https://images.squarespace-cdn.com/content/v1/587a5e028419c28863850611/1568990091456-XV82QP0RXWG90DDCDTXQ/ke17ZwdGBToddI8pDm48kF4sGXZQYcz6aBYJulcCc-x7gQa3H78H3Y0txjaiv_0fDoOvxcdMmMKkDsyUqMSsMWxHk725yiiHCCLfrh8O1z5QHyNOqBUUEtDDsRWrJLTmyh-8_5GJNvrfz4o4yOfLS94XQVPRk8pLd0KDZj5gK-c29dTHKvxiRGjDTftxgId1/Leah+Beggs+2019+-+Oil+on+Canvas+-+100+x+100cm+-+THINGS+ARE+LOOKING+UP_300dpi_resize.jpg?format=750w", "image": "Things_are_looking_up.jpg"}}, {"model": "products.product", "pk": 158, "fields": {"category": 8, "category_friendly": null, "sku": "pp5006950238", "name": "Vanishing light", "description": "oil on canvas", "dimensions": "100x100 cm", "year": 2019, "offer": "1500.00", "image_url": "https://images.squarespace-cdn.com/content/v1/587a5e028419c28863850611/1568990094697-U24BA5M1WHJYIK2FU500/ke17ZwdGBToddI8pDm48kCPP1K86pYuPfoUIN7Hx2bh7gQa3H78H3Y0txjaiv_0fDoOvxcdMmMKkDsyUqMSsMWxHk725yiiHCCLfrh8O1z5QHyNOqBUUEtDDsRWrJLTmB54K-fV_fpAN1yJ8HvLEaJ_Skjwv2H2LJVgSSPj9gTBHoUNRqX0VXtpitpBMf96Q/Leah+Beggs+2019+-+Oil+on+Canvas+-+100+x+100cm+-+VANISHING+LIGHT_300dpi_resize.jpg?format=500w", "image": "Vanishing_light.jpg"}}, {"model": "products.product", "pk": 161, "fields": {"category": 8, "category_friendly": null, "sku": "pp5007071033", "name": "Where there's smoke", "description": "oil on canvas", "dimensions": "120 x 150cm", "year": 2017, "offer": "1400.00", "image_url": "https://images.squarespace-cdn.com/content/v1/587a5e028419c28863850611/1524045070149-J6297ETPUCKKVW3UQRGI/ke17ZwdGBToddI8pDm48kB0HqcJXU5FSQSjSTShr5H57gQa3H78H3Y0txjaiv_0fDoOvxcdMmMKkDsyUqMSsMWxHk725yiiHCCLfrh8O1z5QHyNOqBUUEtDDsRWrJLTmbFTSCh3GLTYkz25V6Y8urKABFjq9HW_aGZxol2yyY5AoFH7RCWBATG5oUqtrcqbg/Leah+Beggs+2017+-+Oil+on+CAnvas+-+100+x+150cm+-+WHERE+THERE%27S+SMOKE%2C+THERE%27S+FIRE_sml.jpg?format=500w", "image": "Where_theres_smoke.jpg"}}, {"model": "products.product", "pk": 162, "fields": {"category": 8, "category_friendly": null, "sku": "pp5007090227", "name": "You wouldn't", "description": "oil on canvas", "dimensions": "120 x 120cm", "year": 2017, "offer": "1600.00", "image_url": "https://images.squarespace-cdn.com/content/v1/587a5e028419c28863850611/1568990112761-TNCZBPUF0N9G0FPBXE89/ke17ZwdGBToddI8pDm48kIwV_Mv_s95cnRglCo_y_rd7gQa3H78H3Y0txjaiv_0fDoOvxcdMmMKkDsyUqMSsMWxHk725yiiHCCLfrh8O1z5QHyNOqBUUEtDDsRWrJLTmMbaVtwNgE54yLg4VJh6bwCaZ2hjOJQjSSivRSDZ0A2zHP8GvLC1suK1wIAncER4-/Leah+Beggs+2019+-+Oil+on+Canvas+-+120+x+120cm+-+YOU+WOULDN%27T+PUT+A+GATE+OUT+IN+IT_300dpi_resize.jpg?format=750w", "image": "You_wouldnt.jpg"}}, {"model": "checkout.order", "pk": 1, "fields": {"order_number": "4CA477F84F0E4F14BECB84EB3080D181", "user_profile": null, "full_name": "blah blah blah blah", "email": "blah@blah.com", "phone_number": "01234567890", "country": "GB", "postcode": "12345", "town_or_city": "blah", "street_address1": "blah", "street_address2": "blah", "county": "blah", "date": "2020-10-16T11:55:33.480Z", "delivery_cost": "0.00", "order_total": "0.00", "grand_total": "0.00", "original_bag": "{\"1\": 1, \"71\": 1, \"12\": 1}", "stripe_pid": "pi_1HcrWQJMkWp7CzdYv56BWBrn"}}, {"model": "checkout.order", "pk": 4, "fields": {"order_number": "0C1F7F57582744E5AE5925CCA165EADA", "user_profile": 1, "full_name": "blah blah blah blah", "email": "blah@blah.com", "phone_number": "01234567890", "country": "GB", "postcode": "12345", "town_or_city": "blah", "street_address1": "blah", "street_address2": "blah", "county": "blah", "date": "2020-10-16T11:56:55.113Z", "delivery_cost": "0.00", "order_total": "3900.00", "grand_total": "3900.00", "original_bag": "{\"1\": 1, \"71\": 1, \"12\": 1}", "stripe_pid": "pi_1HcrXxJMkWp7CzdYASGAIWTf"}}, {"model": "checkout.order", "pk": 5, "fields": {"order_number": "B6AA567A1953415385F6999518FEE142", "user_profile": 1, "full_name": "blah blah blah blah", "email": "blah@blah.com", "phone_number": "01234567890", "country": "GB", "postcode": "12345", "town_or_city": "blah", "street_address1": "blah", "street_address2": "blah", "county": "blah", "date": "2020-10-16T12:55:53.688Z", "delivery_cost": "0.00", "order_total": "3900.00", "grand_total": "3900.00", "original_bag": "{\"1\": 1, \"71\": 1, \"12\": 1}", "stripe_pid": "pi_1HcrWQJMkWp7CzdYv56BWBrn"}}, {"model": "checkout.order", "pk": 6, "fields": {"order_number": "23B7CEA19D834016AF93CB75B9D556DA", "user_profile": null, "full_name": "blah blah blah blah", "email": "blah@blah.com", "phone_number": "01234567890", "country": "GB", "postcode": "12345", "town_or_city": "blah", "street_address1": "blah", "street_address2": "blah", "county": "blah", "date": "2020-10-20T17:51:53.115Z", "delivery_cost": "0.00", "order_total": "3200.00", "grand_total": "3200.00", "original_bag": "{\"6\": 1, \"1\": 1}", "stripe_pid": "pi_1HeOzfJMkWp7CzdYByiXQ9YJ"}}, {"model": "checkout.order", "pk": 7, "fields": {"order_number": "3673DDB4FD5A4901BB1CB5D3B247CDDF", "user_profile": null, "full_name": "blah blah blah blah", "email": "blah@blah.com", "phone_number": "01234567890", "country": "GB", "postcode": "12345", "town_or_city": "blah", "street_address1": "blah", "street_address2": "blah", "county": "blah", "date": "2020-10-21T14:30:38.444Z", "delivery_cost": "0.00", "order_total": "1400.00", "grand_total": "1400.00", "original_bag": "{\"14\": 1}", "stripe_pid": "pi_1HeiKVJMkWp7CzdY2Zd6R6nH"}}, {"model": "checkout.order", "pk": 8, "fields": {"order_number": "4C7B3B95ADDD499992EA3FC94D1F73E7", "user_profile": null, "full_name": "blah blah blah blah", "email": "blah@blah.com", "phone_number": "01234567890", "country": "GB", "postcode": "12345", "town_or_city": "blah", "street_address1": "blah", "street_address2": "blah", "county": "blah", "date": "2020-10-21T15:24:51.232Z", "delivery_cost": "0.00", "order_total": "5000.00", "grand_total": "5000.00", "original_bag": "{\"71\": 1, \"31\": 1, \"39\": 1, \"62\": 1}", "stripe_pid": "pi_1HejAjJMkWp7CzdYGRzyXyfJ"}}, {"model": "checkout.order", "pk": 9, "fields": {"order_number": "F77482C4741D486792ACA354A8D6287C", "user_profile": null, "full_name": "blah blah blah blah", "email": "blah@blah.com", "phone_number": "01234567890", "country": "GB", "postcode": "12345", "town_or_city": "blah", "street_address1": "blah", "street_address2": "blah", "county": "blah", "date": "2020-10-21T16:26:28.105Z", "delivery_cost": "0.00", "order_total": "6300.00", "grand_total": "6300.00", "original_bag": "{\"23\": 1, \"25\": 1, \"67\": 1}", "stripe_pid": "pi_1Hek8OJMkWp7CzdYLsQXvrdU"}}, {"model": "checkout.order", "pk": 10, "fields": {"order_number": "101F703AAA994D27A190370D954F1B36", "user_profile": null, "full_name": "blah blah blah blah", "email": "blah@blah.com", "phone_number": "01234567890", "country": "GB", "postcode": "12345", "town_or_city": "blah", "street_address1": "blah", "street_address2": "blah", "county": "blah", "date": "2020-10-21T16:38:52.677Z", "delivery_cost": "0.00", "order_total": "1800.00", "grand_total": "1800.00", "original_bag": "{\"2\": 1}", "stripe_pid": "pi_1HekKPJMkWp7CzdYygMHTkHh"}}, {"model": "checkout.order", "pk": 11, "fields": {"order_number": "6B43ACC4B32E4B7380A1E53C4F6963FA", "user_profile": null, "full_name": "blah blah blah blah", "email": "blah@blah.com", "phone_number": "01234567890", "country": "GB", "postcode": "12345", "town_or_city": "blah", "street_address1": "blah", "street_address2": "blah", "county": "blah", "date": "2020-10-22T19:42:53.598Z", "delivery_cost": "0.00", "order_total": "1500.00", "grand_total": "1500.00", "original_bag": "{\"28\": 1}", "stripe_pid": "pi_1Hf9fzJMkWp7CzdYtYIkhjiQ"}}, {"model": "checkout.order", "pk": 12, "fields": {"order_number": "C5C63E9F078F4DF3852A4EF22313E04D", "user_profile": 1, "full_name": "blah blah blah blah", "email": "blah@blah.com", "phone_number": "01234567890", "country": "GB", "postcode": "12345", "town_or_city": "blah", "street_address1": "blah", "street_address2": "blah", "county": "blah", "date": "2020-10-28T12:59:17.386Z", "delivery_cost": "0.00", "order_total": "4900.00", "grand_total": "4900.00", "original_bag": "{\"31\": 1, \"11\": 1, \"36\": 1, \"71\": 1}", "stripe_pid": "pi_1HhEDoJMkWp7CzdYRtxODxYf"}}, {"model": "checkout.orderlineitem", "pk": 1, "fields": {"order": 4, "product": 1, "quantity": 1, "lineitem_total": "1700.00"}}, {"model": "checkout.orderlineitem", "pk": 2, "fields": {"order": 4, "product": 71, "quantity": 1, "lineitem_total": "1100.00"}}, {"model": "checkout.orderlineitem", "pk": 3, "fields": {"order": 4, "product": 12, "quantity": 1, "lineitem_total": "1100.00"}}, {"model": "checkout.orderlineitem", "pk": 4, "fields": {"order": 5, "product": 1, "quantity": 1, "lineitem_total": "1700.00"}}, {"model": "checkout.orderlineitem", "pk": 5, "fields": {"order": 5, "product": 71, "quantity": 1, "lineitem_total": "1100.00"}}, {"model": "checkout.orderlineitem", "pk": 6, "fields": {"order": 5, "product": 12, "quantity": 1, "lineitem_total": "1100.00"}}, {"model": "checkout.orderlineitem", "pk": 7, "fields": {"order": 6, "product": 6, "quantity": 1, "lineitem_total": "1500.00"}}, {"model": "checkout.orderlineitem", "pk": 8, "fields": {"order": 6, "product": 1, "quantity": 1, "lineitem_total": "1700.00"}}, {"model": "checkout.orderlineitem", "pk": 9, "fields": {"order": 7, "product": 14, "quantity": 1, "lineitem_total": "1400.00"}}, {"model": "checkout.orderlineitem", "pk": 10, "fields": {"order": 8, "product": 71, "quantity": 1, "lineitem_total": "1100.00"}}, {"model": "checkout.orderlineitem", "pk": 11, "fields": {"order": 8, "product": 31, "quantity": 1, "lineitem_total": "1200.00"}}, {"model": "checkout.orderlineitem", "pk": 12, "fields": {"order": 8, "product": 39, "quantity": 1, "lineitem_total": "1500.00"}}, {"model": "checkout.orderlineitem", "pk": 13, "fields": {"order": 8, "product": 62, "quantity": 1, "lineitem_total": "1200.00"}}, {"model": "checkout.orderlineitem", "pk": 14, "fields": {"order": 9, "product": 23, "quantity": 1, "lineitem_total": "1500.00"}}, {"model": "checkout.orderlineitem", "pk": 15, "fields": {"order": 9, "product": 25, "quantity": 1, "lineitem_total": "2200.00"}}, {"model": "checkout.orderlineitem", "pk": 16, "fields": {"order": 9, "product": 67, "quantity": 1, "lineitem_total": "2600.00"}}, {"model": "checkout.orderlineitem", "pk": 17, "fields": {"order": 10, "product": 2, "quantity": 1, "lineitem_total": "1800.00"}}, {"model": "checkout.orderlineitem", "pk": 18, "fields": {"order": 11, "product": 28, "quantity": 1, "lineitem_total": "1500.00"}}, {"model": "checkout.orderlineitem", "pk": 19, "fields": {"order": 12, "product": 31, "quantity": 1, "lineitem_total": "1200.00"}}, {"model": "checkout.orderlineitem", "pk": 20, "fields": {"order": 12, "product": 11, "quantity": 1, "lineitem_total": "1500.00"}}, {"model": "checkout.orderlineitem", "pk": 21, "fields": {"order": 12, "product": 36, "quantity": 1, "lineitem_total": "1100.00"}}, {"model": "checkout.orderlineitem", "pk": 22, "fields": {"order": 12, "product": 71, "quantity": 1, "lineitem_total": "1100.00"}}, {"model": "profiles.userprofile", "pk": 1, "fields": {"user": 1, "default_phone_number": "01234567890", "default_street_address1": "blah", "default_street_address2": "blah", "default_town_or_city": "blah", "default_postcode": "12345", "default_county": "blah", "default_country": "GB"}}, {"model": "profiles.userprofile", "pk": 3, "fields": {"user": 3, "default_phone_number": null, "default_street_address1": null, "default_street_address2": null, "default_town_or_city": null, "default_postcode": null, "default_county": null, "default_country": null}}, {"model": "profiles.userprofile", "pk": 6, "fields": {"user": 6, "default_phone_number": null, "default_street_address1": null, "default_street_address2": null, "default_town_or_city": null, "default_postcode": null, "default_county": null, "default_country": null}}, {"model": "profiles.userprofile", "pk": 7, "fields": {"user": 7, "default_phone_number": null, "default_street_address1": null, "default_street_address2": null, "default_town_or_city": null, "default_postcode": null, "default_county": null, "default_country": null}}]